Rk,School,G,W,L,W-L%,SRS,SOS,,Conf_W,Conf_L,,Home_W,Home_L,,Away_W,Away_L,,Tm.,Opp.,,Pace,ORtg,FTr,3PAr,TS%,TRB%,AST%,STL%,BLK%,eFG%,TOV%,ORB%,FT/FGA
1,Air Force,26,10,16,0.385,-5.45,2.64,,2.0,12.0,,7,6,,3,10,,1773.0,1813,,,100.0,0.379,0.359,0.526,49.3,59.0,8.9,8.8,0.497,18.0,31.3,0.247
2,Akron,27,17,10,0.63,5.57,-0.66,,13.0,5.0,,11,3,,6,7,,2034.0,1825,,71.4,105.1,0.432,0.225,0.545,50.9,53.5,13.2,8.4,0.507,17.1,34.8,0.3
3,Alabama,31,15,16,0.484,7.74,6.47,,6.0,10.0,,8,6,,4,5,,2168.0,2139,,70.6,98.6,0.281,0.294,0.49,50.1,43.6,10.0,12.3,0.457,17.6,39.9,0.197
4,Alabama State,28,11,17,0.393,-16.77,-10.27,,6.0,10.0,,8,4,,2,12,,1914.0,2065,,73.3,92.4,0.468,0.238,0.519,51.2,37.9,11.8,5.0,0.488,23.9,38.5,0.294
5,Alcorn State,27,12,15,0.444,-12.49,-8.28,,8.0,8.0,,9,2,,3,11,,1996.0,2040,,73.9,99.1,0.366,0.248,0.518,50.3,50.5,11.0,7.5,0.495,19.8,37.5,0.225
6,American,28,9,19,0.321,-4.91,-0.5,,5.0,11.0,,7,6,,1,12,,1725.0,1834,,,93.3,0.362,0.312,0.495,50.9,47.6,11.0,9.2,0.455,21.3,36.1,0.249
7,Appalachian State,29,21,8,0.724,-3.09,-5.82,,13.0,2.0,,12,3,,7,4,,2089.0,1917,,70.4,101.9,0.444,0.278,0.524,49.5,55.6,10.9,9.0,0.493,17.8,34.7,0.284
8,Arizona NCAA,35,30,5,0.857,24.56,8.36,,17.0,1.0,,15,0,,9,2,,3177.0,2610,,78.2,115.6,0.366,0.304,0.576,51.8,59.1,12.8,7.2,0.545,15.4,39.1,0.262
9,Arizona State,32,18,14,0.563,7.92,7.98,,8.0,10.0,,14,4,,4,7,,2703.0,2688,,80.2,104.5,0.312,0.226,0.556,46.8,62.7,11.2,7.1,0.522,18.1,32.0,0.233
10,Arkansas NCAA,33,24,9,0.727,16.17,5.79,,11.0,5.0,,15,0,,5,6,,2716.0,2389,,78.7,104.2,0.357,0.304,0.526,49.6,53.5,13.7,11.4,0.499,17.5,38.8,0.231
11,Arkansas State,29,20,9,0.69,1.22,-3.09,,14.0,4.0,,10,2,,8,6,,2170.0,2045,,70.5,105.2,0.365,0.319,0.557,47.7,59.1,9.6,9.2,0.525,18.3,31.9,0.257
12,Arkansas-Pine Bluff,27,4,23,0.148,,,,3.0,13.0,,2,6,,1,16,,,2105,,,,,,,,,,,,,35.7,
13,Army,27,8,19,0.296,-20.38,-8.19,,2.0,10.0,,6,7,,2,11,,1730.0,2028,,70.9,90.0,0.388,0.336,0.507,45.9,54.6,10.3,4.9,0.469,22.0,29.5,0.262
14,Auburn,30,16,14,0.533,7.44,5.94,,7.0,9.0,,11,3,,4,8,,2068.0,2019,,69.2,98.3,0.337,0.344,0.505,52.9,50.1,10.2,13.1,0.477,19.4,39.6,0.218
15,Austin Peay,28,17,11,0.607,-4.73,-7.23,,11.0,7.0,,11,2,,5,7,,2013.0,1889,,70.3,101.9,0.316,0.328,0.52,51.2,57.5,13.6,11.7,0.495,18.4,37.3,0.206
16,Ball State,29,21,8,0.724,7.46,0.68,,14.0,4.0,,14,1,,7,6,,2274.0,2005,,73.9,105.2,0.378,0.213,0.531,49.4,50.0,16.2,6.3,0.502,16.8,37.1,0.25
17,Baylor,28,14,14,0.5,3.19,4.9,,8.0,8.0,,9,4,,3,9,,1970.0,2018,,71.8,96.6,0.398,0.399,0.509,50.1,58.3,9.3,10.4,0.482,19.0,33.6,0.246
18,Bethune-Cookman,27,1,26,0.037,-27.28,-8.94,,1.0,17.0,,1,11,,0,14,,1644.0,2139,,77.2,77.5,0.408,0.27,0.442,45.2,40.7,11.9,6.7,0.412,25.3,34.1,0.232
19,Boise State,30,17,13,0.567,2.47,-0.53,,9.0,7.0,,13,0,,3,11,,2171.0,2072,,,103.0,0.418,0.352,0.569,45.5,59.1,13.7,8.0,0.532,20.4,31.8,0.3
20,Boston College,31,15,16,0.484,5.14,6.47,,6.0,12.0,,10,6,,4,7,,2167.0,2198,,69.4,99.9,0.364,0.292,0.526,49.2,51.3,11.0,8.1,0.5,19.4,35.5,0.235
21,Boston University,30,19,11,0.633,-0.03,-2.53,,12.0,6.0,,10,2,,6,8,,2101.0,2026,,69.7,100.0,0.453,0.3,0.526,52.0,64.1,10.0,7.1,0.491,19.2,34.9,0.297
22,Bowling Green State,26,10,16,0.385,-3.2,0.96,,7.0,11.0,,7,5,,2,11,,1776.0,1856,,,100.1,0.411,0.359,0.533,47.6,54.4,9.9,4.2,0.49,19.2,32.2,0.293
23,Bradley,29,15,14,0.517,4.23,2.12,,9.0,9.0,,9,4,,4,9,,1872.0,1772,,65.8,97.3,0.433,0.224,0.522,52.2,66.0,10.2,10.8,0.482,19.6,33.3,0.295
24,Brigham Young,30,9,21,0.3,-0.11,6.12,,4.0,10.0,,4,11,,4,8,,1906.0,2093,,67.2,93.4,0.477,0.406,0.495,49.8,60.3,9.5,7.1,0.437,20.1,34.3,0.34
25,Brown,26,6,20,0.231,-17.26,-5.95,,3.0,11.0,,4,8,,1,10,,1478.0,1772,,,87.1,0.414,0.308,0.47,48.1,54.2,7.4,4.1,0.43,19.5,28.4,0.267
26,Bucknell,28,13,15,0.464,-6.82,-6.82,,8.0,4.0,,8,3,,4,9,,1947.0,1922,,,101.1,0.396,0.348,0.548,51.1,51.6,9.1,9.0,0.515,21.0,34.6,0.272
27,Buffalo,28,15,13,0.536,-6.2,-6.39,,9.0,7.0,,8,4,,5,8,,2098.0,2033,,70.1,106.4,0.445,0.321,0.55,48.1,62.3,8.9,5.7,0.504,16.0,30.7,0.324
28,Butler NCAA,33,22,11,0.667,4.87,2.77,,8.0,6.0,,13,1,,5,8,,2228.0,2052,,66.1,100.9,0.566,0.291,0.535,53.3,54.8,8.0,7.9,0.491,19.1,35.1,0.375
29,Cal Poly,28,14,14,0.5,-7.96,-3.48,,7.0,9.0,,11,4,,3,10,,2367.0,2398,,78.1,107.3,0.45,0.372,0.554,46.1,52.0,9.6,5.1,0.515,16.4,31.3,0.316
30,Cal State Fullerton,28,12,16,0.429,-3.54,-0.98,,6.0,10.0,,7,6,,4,9,,2056.0,2085,,74.7,97.4,0.406,0.3,0.515,48.4,50.5,10.6,8.4,0.489,19.5,35.0,0.25
31,Cal State Northridge,28,12,16,0.429,-1.35,-3.27,,7.0,9.0,,7,4,,3,11,,2356.0,2242,,78.8,105.8,0.425,0.365,0.557,52.0,58.6,10.2,6.1,0.521,19.4,37.9,0.296
32,California,27,12,15,0.444,8.33,7.95,,8.0,10.0,,9,5,,3,10,,1899.0,1876,,72.3,96.9,0.392,0.208,0.507,49.8,46.5,11.6,10.0,0.47,18.4,34.0,0.264
33,Campbell,27,10,17,0.37,-18.24,-7.74,,4.0,12.0,,6,8,,4,9,,1726.0,1921,,67.9,93.3,0.376,0.369,0.501,47.3,61.5,9.4,10.9,0.469,21.6,31.6,0.244
34,Canisius,27,13,14,0.481,-3.12,-0.49,,9.0,9.0,,7,5,,5,7,,1844.0,1915,,65.7,103.1,0.405,0.303,0.521,49.8,60.3,8.1,6.5,0.485,17.7,38.0,0.273
35,Centenary (LA),30,10,20,0.333,-12.14,-7.41,,8.0,8.0,,6,5,,4,12,,2072.0,2214,,,,0.421,0.273,0.519,49.5,52.1,,6.5,0.489,,,0.267
36,Central Connecticut State,26,4,22,0.154,-17.57,-6.29,,3.0,13.0,,2,8,,1,12,,1705.0,1996,,,90.2,0.291,0.282,0.487,49.1,51.0,10.5,9.0,0.457,22.2,36.0,0.195
37,Central Michigan,26,5,21,0.192,-11.57,2.47,,3.0,15.0,,4,7,,1,13,,1788.0,2117,,75.3,90.1,0.419,0.329,0.527,46.5,52.3,7.7,6.7,0.489,24.1,28.7,0.285
38,Charleston Southern,27,5,22,0.185,-20.46,-8.34,,2.0,10.0,,5,6,,0,14,,1883.0,2127,,,94.8,0.374,0.236,0.53,49.5,46.0,8.5,6.6,0.504,23.0,34.2,0.239
39,Charlotte NCAA,31,20,11,0.645,12.21,6.72,,13.0,3.0,,10,1,,6,7,,2283.0,2113,,70.5,103.6,0.356,0.281,0.523,51.4,58.9,12.1,6.0,0.486,17.0,36.4,0.252
40,Chattanooga,28,13,15,0.464,-8.71,-4.84,,7.0,7.0,,10,4,,3,8,,1771.0,1809,,62.0,101.6,0.297,0.355,0.501,50.9,59.4,10.1,4.5,0.468,17.3,40.2,0.206
41,Chicago State,27,2,25,0.074,-25.23,-3.6,,2.0,14.0,,1,10,,1,15,,1837.0,2421,,76.3,87.9,0.273,0.277,0.438,45.2,45.3,11.5,7.2,0.411,17.3,35.4,0.168
42,Cincinnati NCAA,33,27,6,0.818,17.85,4.97,,14.0,2.0,,19,1,,6,4,,2510.0,2085,,69.9,108.0,0.476,0.272,0.543,55.8,48.1,11.1,11.4,0.504,18.5,44.6,0.323
43,Clemson NCAA,32,18,14,0.563,17.17,10.33,,7.0,9.0,,11,3,,4,6,,2309.0,2090,,66.0,108.0,0.421,0.272,0.54,51.2,57.5,12.0,8.8,0.518,15.9,36.5,0.259
44,Cleveland State,27,12,15,0.444,-2.62,3.27,,6.0,8.0,,9,4,,3,11,,1743.0,1904,,70.8,90.8,0.433,0.262,0.485,51.2,46.6,10.6,8.4,0.443,21.8,37.8,0.284
45,Coastal Carolina,27,8,19,0.296,-19.47,-9.3,,4.0,8.0,,7,5,,1,13,,1675.0,1868,,67.7,90.9,0.359,0.309,0.483,48.7,53.0,12.9,3.9,0.442,21.3,37.6,0.248
46,Colgate,28,10,18,0.357,-9.74,-6.77,,5.0,7.0,,5,5,,3,12,,2075.0,2158,,73.7,99.7,0.331,0.364,0.511,47.2,53.7,12.8,5.9,0.473,17.3,32.6,0.237
47,College of Charleston NCAA,30,24,6,0.8,4.44,-9.03,,14.0,2.0,,16,2,,8,3,,2102.0,1662,,66.4,105.1,0.363,0.179,0.527,51.2,55.4,16.4,11.1,0.492,16.7,37.7,0.252
48,Colorado,27,13,14,0.481,2.15,4.45,,7.0,9.0,,11,5,,2,7,,1928.0,1970,,70.8,99.5,0.402,0.269,0.494,51.3,63.1,9.1,9.0,0.45,16.5,37.5,0.277
49,Colorado State,29,20,9,0.69,6.28,1.68,,8.0,6.0,,12,3,,8,5,,1999.0,1802,,64.5,105.9,0.428,0.282,0.538,52.5,64.0,10.3,12.9,0.503,16.5,36.3,0.287
50,Columbia,26,11,15,0.423,-13.46,-8.14,,6.0,8.0,,5,6,,5,7,,1487.0,1616,,,89.7,0.4,0.379,0.512,48.7,59.3,11.1,6.2,0.483,21.8,27.0,0.251
51,Connecticut NCAA,37,32,5,0.865,20.67,7.89,,15.0,3.0,,18,0,,7,3,,2836.0,2363,,69.9,109.6,0.38,0.282,0.549,52.7,52.7,12.1,9.4,0.509,16.9,39.9,0.279
52,Coppin State,29,21,8,0.724,-2.39,-10.28,,17.0,1.0,,8,1,,10,4,,2251.0,2022,,75.5,101.4,0.415,0.324,0.532,48.8,38.7,13.5,5.2,0.486,18.5,34.3,0.303
53,Cornell,26,9,17,0.346,-11.65,-8.21,,6.0,8.0,,7,4,,2,9,,1629.0,1699,,,94.8,0.325,0.271,0.49,53.5,55.0,8.7,12.0,0.463,19.5,37.5,0.206
54,Creighton,28,18,10,0.643,6.28,1.21,,12.0,6.0,,12,2,,6,7,,2100.0,1958,,72.2,103.5,0.413,0.352,0.552,51.1,59.5,12.9,11.9,0.519,19.5,33.4,0.284
55,Dartmouth,26,7,19,0.269,-15.62,-7.12,,4.0,10.0,,4,7,,3,10,,1474.0,1695,,,89.6,0.331,0.334,0.486,49.6,53.4,7.5,8.3,0.46,21.0,32.0,0.206
56,Davidson NCAA,30,20,10,0.667,-0.71,-3.74,,13.0,2.0,,10,3,,6,5,,2138.0,1987,,70.4,100.8,0.374,0.345,0.526,52.2,63.2,10.5,5.4,0.493,19.8,38.0,0.252
57,Dayton,33,21,12,0.636,8.8,4.04,,11.0,5.0,,14,4,,4,6,,2511.0,2354,,69.3,108.6,0.44,0.254,0.542,53.3,51.5,7.9,4.6,0.498,17.0,41.5,0.316
58,Delaware NCAA,30,20,10,0.667,-1.92,-3.42,,12.0,6.0,,13,2,,5,7,,2191.0,2111,,73.2,99.0,0.408,0.286,0.538,49.3,55.4,10.8,7.2,0.496,19.8,30.0,0.292
59,Delaware State,27,9,18,0.333,-22.43,-10.03,,7.0,11.0,,7,5,,1,12,,1889.0,2165,,,89.3,0.423,0.213,0.493,48.0,44.3,9.7,7.7,0.456,23.3,37.5,0.273
60,DePaul,30,7,23,0.233,-2.43,7.5,,3.0,13.0,,3,10,,4,10,,1777.0,2063,,63.6,90.8,0.292,0.35,0.446,46.0,45.7,12.7,6.3,0.41,16.6,35.2,0.196
61,Detroit Mercy NCAA,31,25,6,0.806,9.86,0.49,,12.0,2.0,,12,1,,10,4,,2314.0,1957,,67.3,110.5,0.361,0.313,0.558,52.0,53.5,10.9,8.5,0.52,16.5,38.1,0.267
62,Drake,27,3,24,0.111,-14.06,1.6,,0.0,18.0,,3,9,,0,12,,1646.0,2033,,69.6,87.1,0.34,0.381,0.49,44.8,62.5,12.5,4.0,0.459,22.0,28.0,0.22
63,Drexel,28,13,15,0.464,-3.77,-2.92,,10.0,8.0,,7,4,,5,9,,1870.0,1894,,65.7,99.5,0.364,0.269,0.499,49.2,59.1,6.5,3.7,0.463,15.6,32.3,0.245
64,Duke NCAA,36,32,4,0.889,29.55,9.32,,15.0,1.0,,15,0,,10,2,,3082.0,2308,,73.4,116.6,0.421,0.324,0.564,52.0,47.5,12.8,11.9,0.534,14.1,39.7,0.284
65,Duquesne,30,11,19,0.367,-0.57,4.66,,5.0,11.0,,7,6,,3,10,,2173.0,2330,,,96.1,0.428,0.266,0.513,49.3,52.6,11.5,7.9,0.486,21.7,38.7,0.262
66,East Carolina,27,10,17,0.37,-3.35,-1.31,,5.0,11.0,,7,6,,3,11,,1821.0,1835,,65.6,102.4,0.369,0.313,0.519,51.4,50.2,7.4,7.0,0.485,17.6,36.5,0.251
67,East Tennessee State,27,11,16,0.407,-11.59,-8.39,,6.0,9.0,,9,3,,2,12,,1779.0,1807,,68.0,96.4,0.446,0.248,0.517,50.2,54.3,9.5,4.1,0.483,20.5,34.3,0.287
68,Eastern Illinois,27,16,11,0.593,-4.89,-5.89,,13.0,5.0,,9,4,,7,7,,2009.0,1933,,72.2,100.8,0.369,0.301,0.518,50.8,59.9,10.8,5.6,0.485,17.6,34.9,0.247
69,Eastern Kentucky,27,10,17,0.37,-11.11,-4.95,,8.0,10.0,,6,6,,4,11,,1897.0,2053,,73.7,94.0,0.391,0.307,0.495,53.6,50.2,11.9,5.9,0.457,21.7,39.7,0.259
70,Eastern Michigan NCAA,30,20,10,0.667,6.7,2.67,,13.0,5.0,,11,1,,6,8,,2394.0,2266,,72.6,109.0,0.286,0.296,0.545,50.7,52.0,10.7,8.7,0.525,16.3,36.9,0.189
71,Eastern Washington,27,16,11,0.593,-6.2,-3.16,,10.0,6.0,,11,1,,3,9,,2053.0,2130,,74.3,100.5,0.36,0.246,0.517,50.1,53.4,11.0,6.2,0.49,17.6,35.3,0.23
72,Evansville,30,15,15,0.5,1.71,-0.36,,9.0,9.0,,10,5,,4,8,,2099.0,2005,,66.9,104.1,0.393,0.326,0.58,47.5,62.4,8.0,5.5,0.539,19.1,25.4,0.298
73,Fairfield,27,12,15,0.444,-2.86,-1.83,,7.0,11.0,,8,4,,2,10,,1896.0,1924,,68.9,100.5,0.479,0.26,0.518,52.0,54.0,11.5,12.1,0.482,19.7,40.3,0.309
74,FDU NCAA,30,23,7,0.767,2.9,-5.38,,13.0,3.0,,10,2,,10,4,,2511.0,2253,,78.1,106.7,0.454,0.339,0.548,55.6,51.5,10.4,13.7,0.514,20.6,44.8,0.306
75,Florida,29,14,15,0.483,8.97,6.42,,6.0,10.0,,11,4,,2,8,,2208.0,2134,,75.4,100.6,0.347,0.413,0.55,48.0,56.2,12.3,10.5,0.526,21.1,33.3,0.229
76,Florida A&M,28,11,17,0.393,-16.14,-11.82,,8.0,10.0,,7,5,,3,11,,1998.0,2117,,77.8,91.3,0.437,0.209,0.48,50.4,42.0,9.7,13.8,0.453,21.8,38.6,0.253
77,Florida Atlantic,27,5,22,0.185,-19.25,-3.21,,5.0,11.0,,3,9,,2,13,,1671.0,2108,,,87.6,0.349,0.359,0.492,47.0,51.5,8.5,4.1,0.454,22.9,31.1,0.239
78,Florida International,29,21,8,0.724,2.54,-5.67,,13.0,3.0,,13,0,,6,8,,2533.0,2295,,,109.8,0.391,0.354,0.551,49.5,52.6,14.1,5.3,0.525,15.5,35.1,0.258
79,Florida State NCAA,32,18,14,0.563,12.93,10.78,,6.0,10.0,,8,5,,7,7,,2287.0,2218,,71.1,100.1,0.399,0.239,0.525,53.4,55.1,10.4,12.6,0.492,20.0,39.3,0.266
80,Fordham,27,6,21,0.222,-3.39,3.73,,2.0,14.0,,4,7,,1,13,,1762.0,1954,,68.3,94.3,0.354,0.321,0.492,46.9,56.4,8.6,7.2,0.449,18.6,32.8,0.25
81,Fresno State,34,21,13,0.618,9.32,5.63,,10.0,4.0,,13,4,,7,6,,2835.0,2629,,78.6,105.7,0.313,0.358,0.526,48.9,65.2,13.2,12.4,0.508,16.3,36.9,0.192
82,Furman,29,9,20,0.31,-15.16,-8.12,,5.0,9.0,,6,7,,3,10,,1790.0,1954,,66.5,90.8,0.394,0.22,0.496,52.2,53.3,9.1,5.0,0.459,22.2,36.0,0.26
83,George Mason,27,9,18,0.333,-6.24,-0.58,,6.0,10.0,,4,8,,4,10,,1697.0,1850,,67.0,92.6,0.354,0.301,0.491,46.3,50.0,11.8,8.1,0.466,19.5,32.0,0.216
84,George Washington NCAA,33,24,9,0.727,9.91,4.76,,11.0,5.0,,11,2,,8,4,,2414.0,2244,,71.1,102.6,0.464,0.236,0.52,53.0,58.3,9.9,6.5,0.484,18.1,38.9,0.301
85,Georgetown,31,16,15,0.516,8.75,5.99,,6.0,12.0,,12,4,,3,9,,2223.0,2052,,70.6,100.8,0.407,0.173,0.493,53.8,47.4,16.0,8.6,0.46,18.3,44.6,0.257
86,Georgia,35,20,15,0.571,13.11,9.03,,7.0,9.0,,11,4,,6,6,,2654.0,2511,,71.7,105.3,0.359,0.371,0.524,51.1,52.0,10.0,7.8,0.488,16.7,38.2,0.251
87,Georgia Southern,28,10,18,0.357,-14.22,-6.93,,4.0,10.0,,6,6,,3,11,,1824.0,1912,,67.9,93.8,0.315,0.38,0.515,49.6,54.5,13.5,6.1,0.49,23.6,37.7,0.204
88,Georgia State,28,16,12,0.571,-5.4,-8.9,,11.0,5.0,,11,3,,4,8,,2096.0,1960,,,106.1,0.314,0.278,0.55,48.4,49.6,10.0,8.4,0.517,17.6,35.3,0.23
89,Georgia Tech,33,19,14,0.576,12.82,8.7,,6.0,10.0,,11,6,,4,7,,2518.0,2382,,73.6,102.2,0.382,0.357,0.531,50.8,56.9,10.3,13.1,0.498,19.9,39.8,0.261
90,Gonzaga,34,24,10,0.706,10.5,1.72,,10.0,4.0,,11,1,,7,8,,2729.0,2357,,71.0,112.2,0.367,0.333,0.57,51.4,54.4,9.5,8.5,0.541,16.2,35.4,0.258
91,Grambling,28,16,12,0.571,-13.35,-9.79,,10.0,6.0,,10,1,,4,8,,2030.0,2058,,71.5,98.7,0.366,0.252,0.519,49.5,52.0,11.4,7.5,0.483,20.8,40.4,0.252
92,Green Bay,29,17,12,0.586,3.93,-0.57,,7.0,7.0,,14,5,,3,7,,1868.0,1737,,62.7,102.3,0.463,0.241,0.567,46.7,59.5,10.0,10.3,0.518,18.9,25.7,0.348
93,Hampton,26,14,12,0.538,-14.61,-11.46,,11.0,7.0,,8,3,,6,9,,1770.0,1852,,71.0,94.6,0.453,0.33,0.518,52.8,54.9,7.9,10.1,0.474,22.8,38.8,0.312
94,Hartford,27,15,12,0.556,-4.65,-4.73,,11.0,7.0,,9,3,,6,7,,2138.0,2116,,75.7,101.8,0.463,0.276,0.555,47.9,53.1,12.6,6.3,0.506,18.5,28.2,0.343
95,Harvard,26,13,13,0.5,-8.08,-8.28,,6.0,8.0,,7,6,,6,7,,1812.0,1791,,66.2,104.8,0.289,0.307,0.546,49.3,51.9,10.4,6.1,0.516,17.5,31.7,0.21
96,Hawaii,30,21,9,0.7,11.22,4.38,,8.0,6.0,,17,5,,4,4,,2329.0,2124,,,105.4,0.386,0.239,0.543,50.1,55.8,10.7,8.3,0.504,18.0,38.6,0.276
97,Hofstra,31,19,12,0.613,-1.79,-4.48,,11.0,7.0,,10,3,,6,8,,2286.0,2180,,73.2,100.4,0.409,0.268,0.52,51.7,57.2,10.6,9.8,0.484,18.1,35.1,0.274
98,Holy Cross,27,7,20,0.259,-16.58,-8.25,,3.0,9.0,,2,8,,4,9,,1851.0,2073,,69.4,96.2,0.344,0.316,0.506,49.0,52.4,8.4,6.3,0.465,18.6,31.6,0.246
99,Houston,29,9,20,0.31,-7.26,3.06,,2.0,14.0,,6,7,,3,10,,1843.0,2114,,,88.6,0.337,0.236,0.498,53.0,51.6,7.9,7.3,0.461,25.5,40.6,0.233
100,Howard,28,8,20,0.286,-20.21,-12.21,,5.0,13.0,,4,8,,2,10,,1937.0,2161,,73.1,93.4,0.421,0.258,0.489,49.3,50.9,8.5,7.9,0.45,20.9,38.5,0.273
101,Idaho,27,15,12,0.556,2.09,0.73,,9.0,7.0,,11,2,,3,9,,1910.0,1852,,69.0,102.0,0.394,0.223,0.538,52.6,48.3,10.0,5.3,0.5,19.8,37.8,0.277
102,Idaho State,26,6,20,0.231,-17.52,-4.04,,2.0,14.0,,3,8,,1,10,,1791.0,2129,,71.7,94.3,0.401,0.292,0.494,47.6,51.2,10.1,6.0,0.47,19.7,34.2,0.236
103,Illinois NCAA,33,23,10,0.697,15.21,8.97,,13.0,3.0,,13,1,,6,4,,2301.0,2095,,67.8,102.4,0.339,0.317,0.53,49.4,56.7,10.9,7.4,0.5,17.0,32.4,0.231
104,Illinois State NCAA,31,25,6,0.806,9.64,3.41,,16.0,2.0,,11,1,,9,4,,2363.0,2141,,71.5,106.2,0.34,0.325,0.564,50.2,66.4,11.6,6.8,0.54,18.4,32.4,0.229
105,Illinois-Chicago NCAA,28,22,6,0.786,9.21,0.67,,12.0,2.0,,13,1,,8,3,,2090.0,1851,,67.8,110.2,0.389,0.28,0.537,51.4,55.5,8.9,6.8,0.494,15.4,38.9,0.285
106,Indiana NCAA,32,20,12,0.625,14.18,10.71,,9.0,7.0,,10,2,,4,7,,2457.0,2346,,71.4,107.1,0.392,0.273,0.578,49.2,64.6,10.2,7.8,0.542,19.0,32.5,0.286
107,Indiana State,27,16,11,0.593,3.46,0.64,,10.0,8.0,,11,2,,5,8,,1875.0,1799,,68.0,101.1,0.411,0.291,0.541,49.4,56.6,12.2,9.1,0.505,19.1,31.6,0.284
108,Iona NCAA,33,27,6,0.818,8.55,-2.08,,15.0,3.0,,12,0,,13,3,,2652.0,2295,,73.2,108.9,0.416,0.298,0.551,50.3,54.7,13.4,14.7,0.517,17.3,39.2,0.286
109,Iowa,31,20,11,0.645,17.25,6.05,,9.0,7.0,,11,5,,7,5,,2486.0,2091,,72.3,110.4,0.394,0.297,0.573,54.0,64.5,14.0,9.5,0.54,19.1,39.4,0.28
110,Iowa State,30,12,18,0.4,0.76,6.01,,5.0,11.0,,10,6,,1,9,,1910.0,2031,,67.4,93.7,0.446,0.23,0.509,50.9,53.7,8.0,7.3,0.474,21.5,35.3,0.286
111,Jackson State,27,14,13,0.519,-8.58,-6.84,,11.0,5.0,,10,1,,4,11,,1885.0,1834,,71.9,95.7,0.411,0.276,0.494,49.4,45.8,11.7,10.4,0.456,19.3,37.3,0.269
112,Jacksonville,27,8,19,0.296,-7.84,-2.76,,6.0,12.0,,4,8,,4,10,,1776.0,1913,,71.9,91.1,0.464,0.302,0.504,49.6,44.2,11.8,7.5,0.471,22.6,35.2,0.288
113,Jacksonville State,26,12,14,0.462,-16.85,-11.26,,6.0,10.0,,9,4,,3,10,,1958.0,2065,,75.2,99.6,0.411,0.414,0.532,48.0,49.1,8.3,5.3,0.491,19.5,33.1,0.289
114,James Madison,27,11,16,0.407,-5.01,-1.3,,6.0,10.0,,6,7,,5,7,,1729.0,1829,,,97.6,0.387,0.31,0.503,50.4,44.4,8.4,8.9,0.466,19.4,38.5,0.26
115,Kansas NCAA,39,35,4,0.897,22.83,6.51,,15.0,1.0,,16,0,,8,2,,3300.0,2628,,74.7,112.9,0.332,0.241,0.562,55.8,59.7,10.8,12.3,0.538,17.5,42.6,0.226
116,Kansas City,27,9,18,0.333,-11.16,-5.32,,7.0,9.0,,7,6,,2,11,,1842.0,1964,,70.7,96.1,0.32,0.247,0.502,47.4,53.0,10.2,4.7,0.477,18.7,33.8,0.202
117,Kansas State,29,17,12,0.586,9.39,3.42,,7.0,9.0,,12,2,,3,9,,2161.0,1988,,71.3,104.1,0.33,0.28,0.538,52.6,61.7,10.4,10.3,0.508,18.1,36.7,0.23
118,Kent State,30,13,17,0.433,-3.76,0.68,,9.0,9.0,,10,3,,3,11,,2082.0,2170,,,96.3,0.362,0.316,0.516,51.0,61.8,11.1,7.0,0.496,21.2,36.8,0.217
119,Kentucky NCAA,39,35,4,0.897,22.95,9.85,,14.0,2.0,,9,3,,11,0,,3123.0,2612,,71.4,111.4,0.339,0.283,0.558,55.4,59.5,12.2,15.9,0.534,17.3,42.5,0.229
120,La Salle,27,9,18,0.333,-3.01,3.77,,5.0,11.0,,6,4,,2,11,,1928.0,2111,,69.2,102.7,0.376,0.412,0.51,48.2,58.7,9.9,7.0,0.473,16.9,38.0,0.256
121,Lafayette,28,19,9,0.679,-4.42,-8.19,,10.0,2.0,,9,1,,7,8,,2096.0,1904,,,103.5,0.397,0.378,0.545,53.2,56.7,12.6,8.9,0.509,19.4,36.3,0.277
122,Lamar,29,15,14,0.517,-3.47,-4.16,,7.0,11.0,,8,5,,5,9,,1936.0,1916,,68.3,95.7,0.46,0.228,0.499,52.7,42.0,10.3,5.0,0.459,20.3,38.6,0.3
123,Lehigh,27,10,17,0.37,-15.71,-7.47,,4.0,8.0,,6,5,,4,11,,1915.0,2089,,74.3,95.0,0.409,0.282,0.495,49.7,50.4,11.2,5.5,0.459,17.8,34.4,0.265
124,Liberty,28,11,17,0.393,-14.72,-8.26,,5.0,7.0,,6,8,,5,9,,1800.0,1930,,,97.4,0.383,0.346,0.534,47.2,58.6,11.4,5.7,0.498,21.8,33.8,0.268
125,Little Rock,28,15,13,0.536,-5.39,-2.8,,10.0,8.0,,8,6,,5,5,,1887.0,1931,,67.2,99.0,0.384,0.265,0.521,48.9,59.0,7.9,7.9,0.492,17.7,31.8,0.247
126,Long Beach State,29,10,19,0.345,-8.51,-2.72,,5.0,11.0,,7,7,,1,10,,1850.0,2018,,68.2,92.0,0.365,0.255,0.489,49.1,51.4,9.2,12.0,0.46,20.2,34.0,0.228
127,Long Island University,32,21,11,0.656,2.62,-2.04,,14.0,2.0,,11,0,,5,9,,3102.0,2776,,87.8,109.6,0.316,0.354,0.512,49.4,50.6,16.9,6.2,0.5,13.9,40.6,0.177
128,Louisiana,31,18,13,0.581,-0.28,-1.44,,12.0,6.0,,12,5,,6,6,,2336.0,2280,,71.9,103.5,0.415,0.346,0.522,49.1,53.8,12.6,4.6,0.487,17.2,36.9,0.276
129,Louisiana State,27,9,18,0.333,1.08,6.2,,2.0,14.0,,8,8,,1,9,,1680.0,1765,,,92.7,0.434,0.312,0.511,52.3,54.2,9.2,4.3,0.476,22.8,36.9,0.28
130,Louisiana Tech,27,12,15,0.444,-1.41,-2.81,,9.0,9.0,,9,5,,2,8,,1849.0,1811,,67.5,100.9,0.418,0.282,0.539,54.1,49.7,11.0,3.6,0.508,20.6,37.9,0.276
131,Louisiana-Monroe,29,13,16,0.448,-8.09,-4.34,,8.0,8.0,,8,4,,5,9,,2263.0,2433,,77.7,98.7,0.403,0.265,0.524,48.7,50.7,12.5,7.7,0.493,20.0,39.1,0.262
132,Louisville,32,12,20,0.375,7.9,9.03,,5.0,11.0,,6,8,,3,9,,2267.0,2303,,71.7,98.5,0.288,0.342,0.523,48.3,60.5,10.4,8.7,0.501,20.7,36.7,0.188
133,Loyola (IL),30,15,15,0.5,-4.99,-1.34,,6.0,8.0,,11,2,,3,11,,1997.0,2046,,67.3,98.1,0.382,0.258,0.504,50.7,57.4,11.0,7.8,0.467,18.6,36.2,0.256
134,Loyola (MD),28,12,16,0.429,-3.2,-0.56,,9.0,9.0,,7,5,,4,10,,2143.0,2217,,76.6,99.1,0.473,0.276,0.539,49.7,52.8,11.6,5.1,0.491,21.3,35.2,0.34
135,Loyola Marymount,27,7,20,0.259,-6.97,1.45,,3.0,11.0,,5,8,,2,11,,1994.0,2209,,76.0,95.9,0.351,0.396,0.511,47.7,55.6,9.7,8.4,0.478,19.4,32.4,0.235
136,Maine,27,7,20,0.259,-13.65,-4.09,,4.0,14.0,,6,5,,1,11,,1920.0,2068,,74.8,94.2,0.308,0.364,0.507,46.9,57.2,11.3,5.0,0.48,20.5,32.2,0.201
137,Manhattan,29,12,17,0.414,-4.72,-0.89,,7.0,11.0,,8,5,,2,12,,1903.0,2014,,66.7,98.0,0.378,0.344,0.527,50.3,61.7,9.6,7.0,0.493,20.1,33.5,0.257
138,Marist,28,11,17,0.393,-7.2,-3.52,,7.0,11.0,,8,5,,2,11,,1939.0,2042,,66.8,101.9,0.416,0.252,0.524,45.3,51.6,10.7,8.3,0.481,17.0,32.9,0.292
139,Marquette,31,20,11,0.645,10.55,5.26,,8.0,8.0,,13,5,,6,5,,2024.0,1860,,66.3,97.7,0.332,0.371,0.501,53.4,55.7,10.2,9.8,0.467,19.3,39.0,0.225
140,Marshall,27,11,16,0.407,-2.98,0.62,,7.0,11.0,,9,4,,2,11,,1882.0,1875,,,100.8,0.302,0.323,0.534,49.0,54.0,10.0,8.5,0.509,19.8,35.1,0.203
141,Maryland NCAA,32,21,11,0.656,18.79,12.1,,10.0,6.0,,12,2,,4,6,,2520.0,2306,,75.7,102.4,0.403,0.242,0.537,51.3,66.3,11.2,12.2,0.503,18.3,35.4,0.273
142,Maryland-Baltimore County,28,14,14,0.5,-11.01,-9.37,,6.0,6.0,,7,5,,6,8,,1978.0,1991,,70.3,99.5,0.373,0.333,0.532,50.4,60.3,10.3,7.2,0.494,20.0,33.2,0.266
143,Maryland-Eastern Shore,27,9,18,0.333,-16.17,-11.39,,7.0,11.0,,7,4,,2,12,,1838.0,1967,,73.4,91.4,0.422,0.212,0.485,49.3,37.6,13.2,4.1,0.445,20.1,35.4,0.275
144,Massachusetts NCAA,32,21,11,0.656,11.99,7.27,,12.0,4.0,,8,2,,7,5,,2231.0,2080,,65.3,104.0,0.38,0.179,0.517,54.2,54.3,9.2,13.3,0.478,18.1,42.8,0.266
145,McNeese State,26,7,19,0.269,-16.44,-7.72,,4.0,12.0,,6,8,,1,11,,1817.0,2026,,71.5,97.3,0.354,0.363,0.523,46.2,58.0,11.8,7.4,0.492,20.5,33.8,0.237
146,Memphis,29,17,12,0.586,8.04,5.56,,12.0,4.0,,11,4,,6,7,,2151.0,2079,,73.9,99.1,0.422,0.262,0.533,48.6,51.6,13.4,7.3,0.506,20.3,34.0,0.268
147,Mercer,26,5,21,0.192,-19.23,-8.73,,2.0,14.0,,5,9,,0,12,,1767.0,1989,,,95.4,0.327,0.339,0.49,48.9,49.3,9.8,4.7,0.463,19.2,37.7,0.207
148,Miami (FL) NCAA,28,18,10,0.643,10.87,6.37,,11.0,7.0,,11,3,,7,5,,1962.0,1836,,73.1,95.8,0.343,0.238,0.505,50.9,53.7,12.6,10.9,0.475,20.4,37.0,0.226
149,Miami (OH),29,17,12,0.586,3.62,1.94,,9.0,9.0,,10,3,,5,8,,2006.0,1932,,67.4,101.3,0.387,0.263,0.537,52.3,49.1,8.3,4.8,0.497,19.1,34.4,0.279
150,Michigan NCAA,34,25,9,0.735,18.79,9.64,,11.0,5.0,,12,3,,7,5,,2630.0,2284,,69.3,111.2,0.382,0.326,0.584,54.8,57.6,10.3,10.5,0.557,19.2,38.8,0.265
151,Michigan State NCAA,30,22,8,0.733,18.65,9.25,,13.0,3.0,,12,3,,8,3,,2202.0,1920,,68.2,106.7,0.359,0.277,0.529,56.3,55.8,11.1,10.0,0.499,18.1,44.8,0.241
152,Middle Tennessee,28,19,9,0.679,-1.8,-6.59,,12.0,6.0,,11,2,,7,7,,1984.0,1781,,62.3,112.8,0.398,0.344,0.542,49.4,59.9,13.1,8.4,0.511,16.9,36.0,0.266
153,Milwaukee,27,3,24,0.111,-9.89,1.97,,2.0,12.0,,2,10,,1,13,,1651.0,1971,,,87.8,0.336,0.369,0.482,44.8,56.9,10.4,5.2,0.45,21.0,29.0,0.22
154,Minnesota,35,20,15,0.571,11.95,8.32,,6.0,10.0,,15,6,,2,8,,2530.0,2403,,68.3,105.5,0.367,0.274,0.531,48.7,55.3,12.7,11.0,0.49,15.6,34.6,0.266
155,Mississippi NCAA,29,22,7,0.759,17.22,7.07,,12.0,4.0,,14,0,,6,5,,2334.0,1974,,73.4,108.7,0.474,0.31,0.543,54.3,50.0,10.8,10.6,0.511,17.2,39.7,0.309
156,Mississippi State,30,15,15,0.5,7.75,5.12,,4.0,12.0,,7,6,,5,6,,2131.0,2053,,68.6,100.3,0.341,0.24,0.517,50.5,54.2,9.6,7.7,0.493,17.0,32.3,0.216
157,Mississippi Valley State,27,6,21,0.222,-16.95,-7.57,,6.0,10.0,,5,4,,1,12,,1996.0,2221,,76.4,95.0,0.296,0.402,0.451,49.5,37.2,10.2,8.5,0.427,16.9,42.9,0.175
158,Missouri,32,17,15,0.531,6.81,7.41,,8.0,8.0,,14,2,,0,10,,2280.0,2299,,72.1,97.7,0.369,0.31,0.518,49.2,57.5,11.0,6.7,0.48,19.4,32.8,0.259
159,Missouri State,32,16,16,0.5,7.46,3.64,,11.0,7.0,,9,4,,4,7,,2369.0,2247,,70.6,104.1,0.441,0.258,0.546,51.5,63.7,11.1,7.1,0.499,18.3,33.8,0.325
160,Monmouth,27,4,23,0.148,-16.38,-4.23,,3.0,13.0,,2,9,,1,11,,1624.0,1952,,,89.7,0.237,0.357,0.514,40.9,64.0,11.7,4.1,0.493,21.9,24.7,0.159
161,Montana,30,16,14,0.533,-3.65,-3.41,,9.0,7.0,,11,4,,5,7,,2052.0,1992,,,98.8,0.382,0.264,0.535,51.6,57.3,11.6,5.3,0.486,20.9,35.1,0.291
162,Montana State,30,19,11,0.633,2.76,-3.96,,9.0,7.0,,12,2,,4,9,,2398.0,2096,,73.2,107.4,0.317,0.362,0.579,51.1,72.6,9.3,6.3,0.545,18.2,29.6,0.243
163,Morehead State,26,3,23,0.115,-15.16,-3.85,,2.0,16.0,,2,9,,1,14,,1653.0,1947,,71.4,88.6,0.352,0.271,0.474,53.1,58.8,11.0,5.9,0.437,21.9,41.5,0.232
164,Morgan State,28,12,16,0.429,-13.99,-8.88,,11.0,7.0,,7,3,,4,12,,2034.0,2177,,76.9,93.2,0.36,0.293,0.499,44.9,52.3,14.4,11.7,0.472,20.3,33.1,0.223
165,Mount St. Mary's,28,13,15,0.464,-4.99,-5.6,,8.0,8.0,,6,5,,5,8,,2000.0,1983,,69.9,100.9,0.289,0.358,0.51,48.6,59.3,11.5,9.6,0.486,17.3,35.7,0.188
166,Murray State NCAA,33,29,4,0.879,6.82,-6.35,,16.0,2.0,,16,0,,10,2,,2862.0,2334,,74.0,116.3,0.416,0.249,0.577,53.4,52.1,9.0,8.3,0.55,15.8,40.1,0.282
167,Navy NCAA,30,19,11,0.633,-3.79,-7.49,,10.0,2.0,,13,2,,6,8,,2132.0,1941,,72.6,97.9,0.405,0.186,0.499,53.5,53.3,13.0,8.2,0.461,18.6,38.6,0.267
168,NC State,32,17,15,0.531,10.84,8.53,,5.0,11.0,,13,8,,3,5,,2062.0,1988,,62.8,101.8,0.375,0.327,0.536,47.6,57.2,11.7,7.9,0.497,17.8,33.7,0.269
169,Nebraska NCAA,32,20,12,0.625,8.72,5.65,,10.0,6.0,,13,2,,5,7,,2290.0,2192,,72.0,98.7,0.335,0.225,0.51,50.8,58.9,13.7,12.0,0.486,19.7,39.2,0.209
170,Nevada,28,16,12,0.571,0.77,0.69,,11.0,5.0,,11,4,,5,8,,2156.0,2119,,72.6,105.5,0.418,0.33,0.573,49.5,63.0,9.4,6.1,0.534,19.7,31.3,0.307
171,Nevada-Las Vegas NCAA,33,20,13,0.606,7.43,5.34,,7.0,7.0,,16,4,,4,8,,2292.0,2197,,68.8,100.9,0.475,0.311,0.515,50.8,56.4,8.6,8.7,0.475,16.8,33.3,0.312
172,New Hampshire,27,10,17,0.37,-10.28,-4.55,,6.0,12.0,,8,5,,1,11,,1767.0,1889,,68.1,95.7,0.358,0.322,0.522,48.8,59.1,8.1,8.1,0.487,20.2,30.3,0.248
173,New Mexico NCAA,32,24,8,0.75,14.98,5.17,,11.0,3.0,,15,1,,6,6,,2423.0,2109,,65.9,114.9,0.317,0.417,0.587,50.3,62.5,10.7,9.3,0.556,15.7,32.7,0.24
174,New Mexico State,30,18,12,0.6,3.76,0.07,,8.0,8.0,,14,3,,2,8,,2250.0,2069,,68.4,107.5,0.374,0.349,0.548,51.4,51.5,8.7,7.8,0.521,17.3,35.9,0.249
175,New Orleans,27,15,12,0.556,-0.87,-2.98,,9.0,9.0,,8,6,,6,6,,1870.0,1813,,,,0.42,0.277,0.535,51.2,58.2,,9.7,0.499,20.3,,0.287
176,Niagara,27,14,13,0.519,0.51,-1.42,,10.0,8.0,,9,4,,5,7,,1953.0,1901,,66.7,107.4,0.447,0.237,0.566,52.3,61.3,8.6,8.0,0.524,19.4,38.7,0.325
177,Nicholls State NCAA,29,19,10,0.655,-5.33,-5.94,,15.0,1.0,,9,0,,8,7,,2228.0,2194,,74.2,103.5,0.395,0.278,0.54,47.3,60.4,13.8,7.6,0.505,18.1,33.5,0.274
178,Norfolk State,27,6,21,0.222,-16.25,-5.73,,,,,3,4,,2,16,,1783.0,2047,,72.7,90.4,0.34,0.186,0.475,48.6,40.4,12.5,9.1,0.441,20.5,38.4,0.222
179,North Carolina NCAA,38,34,4,0.895,26.67,10.38,,13.0,3.0,,13,1,,9,2,,3113.0,2494,,68.0,118.2,0.429,0.234,0.592,55.2,61.8,9.8,12.3,0.56,15.8,41.2,0.305
180,North Carolina A&T,27,8,19,0.296,-18.02,-10.98,,7.0,11.0,,6,7,,2,11,,1791.0,1963,,68.7,96.1,0.403,0.349,0.511,50.9,48.8,8.4,6.0,0.481,22.8,41.4,0.256
181,North Texas,26,5,21,0.192,-9.89,4.03,,4.0,12.0,,3,6,,2,15,,1992.0,2354,,,93.8,0.256,0.412,0.463,46.1,42.2,14.3,4.9,0.43,17.0,37.1,0.179
182,Northeastern,28,14,14,0.5,-6.6,-5.35,,9.0,9.0,,8,2,,4,11,,1890.0,1925,,67.9,98.5,0.354,0.248,0.501,50.8,46.3,11.1,6.4,0.459,18.1,37.2,0.253
183,Northeastern Illinois,25,6,19,0.24,-21.26,-6.0,,3.0,13.0,,5,6,,1,13,,1733.0,2037,,,,0.367,0.325,0.498,46.4,55.4,,5.3,0.458,19.6,,0.255
184,Northern Arizona NCAA,29,21,8,0.724,6.5,-5.14,,13.0,3.0,,14,1,,7,6,,2326.0,1954,,70.4,112.4,0.398,0.375,0.62,52.5,65.0,10.9,7.5,0.592,20.6,34.1,0.292
185,Northern Illinois,26,10,16,0.385,-3.91,-1.87,,6.0,12.0,,6,6,,3,9,,1764.0,1770,,69.4,96.4,0.37,0.246,0.499,51.5,52.3,10.4,6.0,0.462,18.8,36.1,0.248
186,Northern Iowa,27,10,17,0.37,-0.98,0.17,,4.0,14.0,,7,6,,3,10,,1869.0,1900,,70.4,97.8,0.308,0.34,0.487,50.5,55.6,10.5,9.3,0.457,16.9,36.7,0.204
187,Northwestern,27,10,17,0.37,2.33,5.59,,3.0,13.0,,10,7,,0,10,,1636.0,1724,,61.8,97.1,0.481,0.312,0.553,55.1,71.4,6.4,5.1,0.533,23.8,34.4,0.294
188,Northwestern State,27,13,14,0.481,-10.06,-7.78,,10.0,6.0,,8,4,,5,9,,1993.0,1998,,73.0,100.7,0.433,0.265,0.534,50.8,59.2,11.1,4.8,0.498,20.2,36.9,0.292
189,Notre Dame,27,13,14,0.481,5.54,6.28,,7.0,11.0,,10,5,,3,8,,1896.0,1916,,,99.1,0.371,0.304,0.532,52.2,68.0,9.5,6.3,0.502,20.6,35.2,0.248
190,Ohio,26,5,21,0.192,-11.07,2.43,,3.0,15.0,,4,7,,1,12,,1663.0,2014,,69.6,90.1,0.384,0.275,0.484,50.6,54.7,6.6,5.5,0.451,22.9,38.7,0.244
191,Ohio State,30,8,22,0.267,1.83,8.73,,1.0,15.0,,7,10,,1,8,,1978.0,2185,,68.6,95.7,0.363,0.274,0.505,47.8,56.9,9.2,9.6,0.488,19.4,34.9,0.209
192,Oklahoma NCAA,33,22,11,0.667,9.41,4.19,,11.0,5.0,,12,3,,6,4,,2462.0,2253,,69.2,107.0,0.477,0.278,0.54,53.6,57.5,10.6,10.8,0.495,18.3,40.4,0.334
193,Oklahoma State NCAA,29,22,7,0.759,14.3,4.64,,11.0,5.0,,14,2,,6,3,,2288.0,2008,,71.1,109.1,0.404,0.289,0.551,52.0,60.8,11.9,4.7,0.515,16.3,35.8,0.284
194,Old Dominion,28,12,16,0.429,-2.71,-0.67,,8.0,8.0,,7,6,,4,9,,1738.0,1795,,64.5,95.8,0.358,0.324,0.504,51.4,61.4,8.7,15.6,0.479,19.6,35.4,0.22
195,Oral Roberts,31,19,12,0.613,0.35,-4.93,,12.0,4.0,,10,1,,7,8,,2485.0,2234,,74.1,107.4,0.363,0.361,0.573,50.1,62.8,11.5,7.0,0.554,20.2,37.1,0.236
196,Oregon,27,13,14,0.481,5.96,7.19,,8.0,10.0,,10,5,,3,9,,1859.0,1893,,,100.5,0.376,0.34,0.53,50.1,60.9,9.4,9.5,0.497,19.6,35.9,0.255
197,Oregon State,30,13,17,0.433,4.72,6.18,,3.0,15.0,,7,8,,4,8,,2122.0,2094,,71.7,98.2,0.411,0.279,0.528,51.1,55.9,11.8,9.7,0.507,20.5,36.3,0.248
198,Pacific,33,23,10,0.697,8.51,-0.55,,14.0,2.0,,13,2,,8,5,,2411.0,2086,,65.1,111.3,0.474,0.361,0.582,54.2,67.2,6.7,10.3,0.567,17.7,35.0,0.291
199,Penn State,32,19,13,0.594,10.48,6.42,,8.0,8.0,,12,2,,6,8,,2334.0,2201,,67.9,106.6,0.366,0.36,0.573,48.0,62.5,10.4,12.8,0.537,18.7,31.6,0.271
200,Pennsylvania,29,17,12,0.586,-0.68,-2.89,,10.0,4.0,,10,2,,5,4,,2080.0,2009,,65.5,107.1,0.395,0.338,0.562,48.9,58.0,8.7,4.3,0.533,16.4,29.1,0.269
201,Pepperdine,27,17,10,0.63,4.74,0.81,,9.0,5.0,,10,2,,6,7,,1885.0,1779,,68.4,101.7,0.354,0.27,0.54,52.2,58.4,10.8,7.8,0.513,18.9,32.4,0.236
202,Pittsburgh,27,11,16,0.407,2.66,5.95,,6.0,12.0,,7,6,,4,8,,1987.0,2076,,71.5,100.6,0.295,0.29,0.519,49.7,53.2,12.2,11.7,0.491,19.6,39.8,0.203
203,Portland,27,14,13,0.519,-3.51,0.05,,7.0,7.0,,10,4,,4,9,,1822.0,1821,,70.2,95.7,0.36,0.278,0.503,47.2,50.8,12.3,6.3,0.474,18.7,31.7,0.229
204,Portland State,27,15,12,0.556,,,,10.0,6.0,,8,1,,3,11,,,1879,,,,,,,,,,,,,31.0,
205,Prairie View NCAA,30,13,17,0.433,-17.11,-6.19,,6.0,10.0,,8,3,,2,13,,2175.0,2404,,79.5,90.4,0.42,0.235,0.462,46.9,40.6,11.5,6.2,0.428,18.4,35.1,0.253
206,Princeton NCAA,29,27,2,0.931,11.54,-3.6,,14.0,0.0,,12,0,,9,1,,1928.0,1491,,57.1,115.8,0.319,0.496,0.609,47.6,69.9,14.7,8.5,0.594,15.7,26.4,0.215
207,Providence,29,13,16,0.448,7.08,7.77,,7.0,11.0,,8,6,,4,8,,1896.0,1916,,,96.2,0.401,0.276,0.502,48.0,59.5,12.6,7.5,0.458,18.4,34.4,0.281
208,Purdue NCAA,36,28,8,0.778,20.67,9.23,,12.0,4.0,,13,1,,8,3,,3014.0,2602,,73.6,113.3,0.395,0.297,0.581,47.0,64.3,11.8,8.0,0.539,17.7,39.5,0.301
209,Radford NCAA,30,20,10,0.667,-5.25,-9.38,,10.0,2.0,,11,2,,5,7,,2271.0,2162,,71.2,104.5,0.357,0.372,0.568,50.2,62.9,10.9,7.3,0.541,21.0,35.7,0.246
210,Rhode Island NCAA,34,25,9,0.735,12.57,6.42,,12.0,4.0,,12,2,,8,4,,2642.0,2433,,70.2,110.0,0.371,0.337,0.549,47.4,55.4,10.3,10.3,0.514,15.0,34.5,0.263
211,Rice,28,6,22,0.214,-1.99,5.86,,3.0,11.0,,4,9,,1,10,,1772.0,1962,,,92.2,0.319,0.291,0.486,49.4,62.3,8.2,6.7,0.458,18.7,31.9,0.203
212,Richmond NCAA,31,23,8,0.742,6.34,-1.7,,12.0,4.0,,13,1,,6,6,,2169.0,1920,,62.0,112.0,0.327,0.358,0.555,48.7,56.8,9.8,8.4,0.527,14.4,33.2,0.228
213,Rider,28,18,10,0.643,1.26,-3.31,,12.0,6.0,,10,2,,7,7,,1972.0,1844,,,102.5,0.434,0.294,0.557,53.0,59.7,10.5,7.7,0.52,21.1,36.7,0.302
214,Robert Morris,27,8,19,0.296,-12.28,-6.13,,4.0,12.0,,3,10,,5,8,,1702.0,1850,,,92.9,0.325,0.228,0.486,51.6,62.0,8.3,3.3,0.452,20.6,38.1,0.218
215,Rutgers,29,14,15,0.483,9.47,6.74,,6.0,12.0,,10,6,,2,8,,2007.0,1928,,68.0,101.3,0.43,0.348,0.542,49.2,64.6,11.7,8.8,0.506,20.8,36.5,0.294
216,Sacramento State,26,1,25,0.038,-22.34,-1.99,,0.0,16.0,,1,11,,0,14,,1517.0,2017,,67.8,84.5,0.314,0.27,0.46,48.9,51.0,6.7,4.8,0.441,22.3,34.5,0.174
217,Saint Francis (PA),27,17,10,0.63,-4.81,-7.46,,10.0,6.0,,10,5,,7,4,,1872.0,1799,,68.9,99.7,0.445,0.265,0.543,54.5,60.5,9.4,8.3,0.496,22.7,41.3,0.322
218,Saint Joseph's,28,11,17,0.393,1.56,5.46,,3.0,13.0,,5,6,,3,10,,1872.0,1981,,66.7,99.0,0.348,0.379,0.508,50.2,56.8,7.3,6.7,0.474,17.7,34.4,0.235
219,Saint Louis NCAA,33,22,11,0.667,9.47,5.5,,11.0,5.0,,13,2,,7,4,,2221.0,2090,,68.5,98.3,0.425,0.29,0.518,46.8,59.0,12.9,5.9,0.482,18.8,32.8,0.282
220,Saint Mary's (CA),26,11,15,0.423,-2.68,1.6,,7.0,7.0,,7,2,,4,10,,1955.0,2058,,69.9,106.1,0.417,0.41,0.546,49.0,52.9,7.2,3.6,0.501,17.9,35.8,0.305
221,Saint Peter's,27,8,19,0.296,-6.18,-2.85,,4.0,14.0,,7,7,,1,11,,1862.0,1952,,70.4,97.5,0.389,0.194,0.499,52.4,52.2,9.4,7.1,0.464,19.7,41.2,0.254
222,Sam Houston,26,9,17,0.346,-10.97,-6.39,,7.0,9.0,,7,3,,1,13,,1805.0,1924,,,102.1,0.371,0.335,0.551,48.1,66.7,8.5,5.2,0.511,20.0,33.3,0.274
223,Samford,27,14,13,0.519,-9.5,-10.33,,9.0,7.0,,11,1,,2,9,,1860.0,1808,,,104.7,0.431,0.423,0.574,51.0,61.8,7.5,6.9,0.535,20.1,32.0,0.312
224,San Diego,28,14,14,0.5,-1.29,0.56,,5.0,9.0,,9,3,,3,10,,1973.0,1979,,69.0,101.7,0.434,0.292,0.569,48.4,59.8,9.6,5.3,0.529,20.3,28.7,0.315
225,San Diego State,28,13,15,0.464,-1.04,3.44,,5.0,9.0,,7,7,,5,6,,1939.0,2050,,72.4,94.8,0.418,0.362,0.505,47.3,49.3,10.8,6.3,0.467,19.8,33.8,0.276
226,San Francisco NCAA,30,19,11,0.633,7.8,1.31,,7.0,7.0,,10,3,,6,6,,2197.0,1989,,67.9,106.5,0.315,0.296,0.546,54.2,57.4,12.5,7.9,0.518,18.7,40.4,0.221
227,San Jose State,26,3,23,0.115,-11.12,4.73,,1.0,13.0,,3,10,,0,13,,1551.0,1995,,,85.1,0.289,0.228,0.446,45.9,59.4,6.3,5.5,0.409,18.6,31.9,0.196
228,Santa Clara,28,18,10,0.643,5.55,2.26,,8.0,6.0,,10,4,,6,5,,2050.0,1903,,70.0,102.7,0.394,0.288,0.509,51.9,55.1,11.6,7.2,0.466,16.2,37.2,0.277
229,Seton Hall,30,15,15,0.5,6.24,7.73,,9.0,9.0,,10,4,,5,7,,2028.0,2061,,67.6,98.4,0.293,0.409,0.498,48.6,55.6,11.1,6.2,0.464,16.8,34.1,0.207
230,Siena,29,17,12,0.586,0.29,-2.95,,10.0,8.0,,12,3,,4,7,,2417.0,2323,,77.1,106.7,0.391,0.348,0.558,48.2,61.2,13.6,8.8,0.504,18.3,31.6,0.314
231,South Alabama NCAA,28,21,7,0.75,7.57,-2.93,,14.0,4.0,,10,2,,8,4,,1820.0,1526,,62.1,104.3,0.408,0.236,0.556,56.3,63.8,10.8,9.1,0.532,21.1,40.9,0.263
232,South Carolina NCAA,31,23,8,0.742,12.51,8.77,,11.0,5.0,,13,1,,5,5,,2211.0,2088,,68.7,103.4,0.481,0.32,0.539,51.2,52.9,8.6,9.5,0.496,18.6,35.5,0.333
233,South Carolina State NCAA,30,22,8,0.733,-5.65,-10.23,,16.0,2.0,,10,2,,9,5,,2229.0,2101,,71.0,103.8,0.462,0.263,0.552,51.1,41.7,10.1,10.6,0.515,20.5,38.0,0.317
234,South Florida,30,17,13,0.567,2.69,3.16,,7.0,9.0,,9,6,,6,5,,1974.0,1988,,68.5,95.3,0.421,0.321,0.481,48.7,56.5,14.3,7.8,0.439,17.9,36.9,0.276
235,Southeast Missouri State,27,14,13,0.519,-6.61,-5.53,,10.0,8.0,,9,4,,5,9,,1976.0,1939,,65.1,108.9,0.342,0.373,0.551,47.8,58.5,8.8,6.1,0.521,16.8,28.3,0.24
236,Southeastern Louisiana,26,6,20,0.231,-18.73,-8.9,,2.0,14.0,,4,8,,2,12,,2065.0,2230,,78.1,101.2,0.284,0.37,0.531,48.7,56.9,9.0,5.1,0.509,19.5,36.1,0.188
237,Southern,27,14,13,0.519,-7.83,-11.14,,10.0,6.0,,10,1,,4,11,,2333.0,2169,,79.5,108.2,0.444,0.26,0.533,48.1,44.7,13.8,6.6,0.501,16.7,40.3,0.289
238,Southern California,28,9,19,0.321,2.12,7.48,,5.0,13.0,,6,7,,3,12,,2101.0,2251,,74.9,98.4,0.317,0.346,0.518,48.9,51.6,11.1,10.5,0.495,19.3,34.8,0.202
239,Southern Illinois,32,14,18,0.438,1.8,2.32,,8.0,10.0,,7,6,,5,9,,2266.0,2258,,66.6,106.0,0.307,0.345,0.52,56.0,54.9,9.4,5.5,0.493,18.7,45.4,0.205
240,Southern Methodist,28,18,10,0.643,5.82,0.63,,6.0,8.0,,13,4,,4,5,,2141.0,1967,,69.8,109.1,0.384,0.337,0.519,52.3,48.5,10.1,7.6,0.482,14.8,41.7,0.263
241,Southern Mississippi,33,22,11,0.667,8.92,2.42,,9.0,7.0,,10,3,,6,6,,2283.0,2057,,65.2,105.2,0.45,0.211,0.548,51.8,58.8,9.2,9.1,0.509,18.6,32.1,0.311
242,Southern Utah,27,7,20,0.259,-13.89,-5.41,,4.0,12.0,,6,7,,1,12,,1861.0,2052,,71.9,93.3,0.392,0.312,0.498,45.8,53.7,10.7,10.6,0.455,19.4,30.1,0.272
243,St. Bonaventure,32,17,15,0.531,4.11,3.42,,6.0,10.0,,10,3,,3,10,,2104.0,2082,,66.6,97.3,0.429,0.269,0.498,52.1,49.6,12.8,14.4,0.463,20.1,41.6,0.274
244,St. Francis (NY),27,15,12,0.556,-5.54,-6.89,,10.0,6.0,,9,3,,6,8,,1929.0,1879,,72.9,97.1,0.387,0.326,0.507,49.9,56.3,12.6,7.3,0.472,20.2,36.6,0.257
245,St. John's (NY) NCAA,32,22,10,0.688,11.28,6.76,,13.0,5.0,,12,5,,9,3,,2333.0,2181,,68.8,103.9,0.457,0.241,0.512,54.6,56.6,10.6,9.7,0.477,18.8,45.9,0.293
246,Stanford NCAA,35,30,5,0.857,18.95,8.12,,15.0,3.0,,11,2,,10,2,,2807.0,2390,,70.1,113.6,0.424,0.309,0.562,56.4,60.1,7.4,7.8,0.518,16.1,40.6,0.313
247,Stephen F. Austin,26,10,16,0.385,-14.37,-6.29,,6.0,10.0,,8,4,,2,12,,1859.0,2027,,73.0,97.5,0.396,0.279,0.516,47.2,57.6,12.1,5.3,0.477,19.1,33.9,0.273
248,Stetson,26,11,15,0.423,-12.28,-8.24,,8.0,8.0,,7,5,,4,9,,1815.0,1898,,67.6,102.8,0.445,0.27,0.518,52.2,53.4,8.1,4.0,0.472,17.6,38.1,0.311
249,Syracuse NCAA,35,26,9,0.743,11.87,7.98,,12.0,6.0,,12,4,,9,2,,2481.0,2345,,69.7,101.0,0.407,0.303,0.522,50.8,63.9,13.6,13.7,0.485,19.0,37.9,0.275
250,TCU NCAA,33,27,6,0.818,22.29,2.7,,14.0,0.0,,16,1,,9,1,,3209.0,2570,,81.0,119.1,0.31,0.232,0.568,53.1,53.4,13.5,8.6,0.538,15.2,41.6,0.227
251,Temple NCAA,30,21,9,0.7,12.5,7.5,,13.0,3.0,,10,4,,9,3,,1970.0,1820,,63.4,103.1,0.372,0.397,0.504,48.0,50.6,16.8,14.0,0.467,15.3,35.9,0.252
252,Tennessee NCAA,29,20,9,0.69,11.15,5.91,,9.0,7.0,,14,2,,5,5,,2200.0,2048,,75.2,100.5,0.419,0.308,0.516,48.5,51.8,11.0,13.3,0.485,17.5,33.8,0.27
253,Tennessee State,29,13,16,0.448,-9.34,-5.71,,8.0,10.0,,6,7,,6,8,,2065.0,2051,,73.0,97.2,0.292,0.381,0.503,49.4,51.5,9.5,8.6,0.476,18.9,34.5,0.193
254,Tennessee Tech,30,9,21,0.3,-18.49,-6.38,,5.0,13.0,,4,9,,4,10,,1974.0,2269,,,87.4,0.273,0.244,0.473,48.3,53.9,11.1,10.5,0.452,21.0,33.1,0.163
255,Tennessee-Martin,27,7,20,0.259,-16.71,-4.36,,5.0,13.0,,5,6,,2,12,,1709.0,2002,,68.8,90.3,0.332,0.295,0.517,44.3,59.6,10.7,7.4,0.49,22.6,28.3,0.216
256,Texas,31,14,17,0.452,4.53,6.47,,6.0,10.0,,9,5,,3,9,,2463.0,2523,,,102.9,0.364,0.357,0.523,49.6,50.8,9.6,13.9,0.49,18.0,37.6,0.248
257,Texas A&M,27,7,20,0.259,0.04,2.37,,1.0,15.0,,7,8,,0,10,,2026.0,2089,,78.3,95.4,0.366,0.232,0.485,50.3,60.7,13.6,8.1,0.463,17.7,36.0,0.212
258,Texas Southern,31,15,16,0.484,-9.81,-7.33,,12.0,4.0,,7,3,,5,7,,2328.0,2357,,74.1,99.8,0.401,0.359,0.506,48.8,57.8,10.3,4.0,0.466,17.7,36.6,0.273
259,Texas State,28,17,11,0.607,-5.66,-8.21,,10.0,6.0,,9,3,,6,6,,2038.0,1951,,69.8,103.3,0.426,0.223,0.542,54.1,53.6,10.0,6.2,0.496,19.4,38.6,0.311
260,Texas Tech,27,13,14,0.481,4.07,5.37,,7.0,9.0,,8,5,,5,8,,2088.0,2123,,72.9,104.2,0.411,0.353,0.551,47.5,55.0,8.4,6.2,0.516,17.1,28.0,0.285
261,Texas-Rio Grande Valley,27,3,24,0.111,-18.45,0.96,,3.0,15.0,,3,8,,0,15,,1951.0,2549,,,89.0,0.302,0.367,0.489,41.0,54.9,12.6,2.8,0.464,20.0,27.4,0.192
262,The Citadel,28,15,13,0.536,-8.53,-9.03,,6.0,8.0,,9,5,,5,7,,1816.0,1741,,65.3,98.9,0.405,0.237,0.522,51.2,58.7,8.3,10.7,0.48,18.6,34.9,0.284
263,Toledo,27,15,12,0.556,4.55,0.2,,10.0,8.0,,10,3,,5,9,,1905.0,1749,,70.5,99.6,0.45,0.342,0.521,53.5,56.3,10.6,6.2,0.476,19.5,36.6,0.313
264,Towson,28,8,20,0.286,-5.98,-3.7,,4.0,14.0,,5,8,,1,12,,1784.0,1848,,66.3,95.3,0.394,0.319,0.538,48.6,58.2,12.0,6.1,0.504,22.3,30.5,0.268
265,Troy,27,7,20,0.259,-23.07,-9.87,,5.0,11.0,,5,6,,1,12,,1914.0,2201,,76.8,91.9,0.279,0.379,0.457,48.7,45.2,11.7,8.2,0.425,17.6,35.8,0.185
266,Tulane,29,7,22,0.241,-3.41,2.38,,2.0,14.0,,5,9,,1,10,,1931.0,2099,,72.8,89.6,0.378,0.284,0.464,50.5,53.9,12.8,12.8,0.43,20.9,39.4,0.234
267,Tulsa,31,19,12,0.613,6.41,3.18,,9.0,5.0,,11,4,,6,6,,2114.0,2013,,68.6,98.2,0.405,0.375,0.535,52.5,64.3,10.9,12.8,0.499,22.5,37.8,0.277
268,UAB,33,21,12,0.636,6.88,4.66,,10.0,6.0,,11,4,,7,6,,2482.0,2381,,,101.6,0.44,0.261,0.528,51.4,52.8,10.4,7.1,0.49,19.5,37.7,0.297
269,UC Irvine,27,9,18,0.333,-8.07,0.49,,6.0,10.0,,7,8,,2,10,,1681.0,1877,,,91.1,0.367,0.366,0.509,45.2,58.2,12.1,5.2,0.462,21.3,27.7,0.271
270,UC Santa Barbara,26,7,19,0.269,-7.47,-0.31,,4.0,12.0,,5,9,,2,10,,1861.0,1977,,70.9,100.0,0.347,0.253,0.535,52.0,53.3,9.1,5.8,0.501,20.7,38.2,0.243
271,UCF,28,17,11,0.607,-5.09,-7.94,,11.0,5.0,,8,5,,8,6,,2130.0,1998,,73.8,102.6,0.376,0.233,0.539,52.2,54.4,12.4,10.1,0.511,19.2,37.5,0.249
272,UCLA NCAA,33,24,9,0.727,13.03,10.99,,12.0,6.0,,14,2,,7,5,,2743.0,2654,,76.8,107.8,0.452,0.244,0.561,50.2,53.2,11.2,7.8,0.532,18.4,37.8,0.3
273,UNC Asheville,28,19,9,0.679,-4.27,-5.95,,11.0,1.0,,12,0,,7,7,,2002.0,1872,,,101.6,0.472,0.232,0.53,52.5,55.4,12.2,14.7,0.497,20.7,41.7,0.304
274,UNC Greensboro,28,9,19,0.321,-12.69,-4.45,,6.0,9.0,,6,7,,2,11,,1783.0,1986,,66.1,95.5,0.326,0.242,0.504,51.7,54.0,8.5,5.5,0.468,20.8,38.6,0.229
275,UNC Wilmington,31,20,11,0.645,0.4,-0.08,,13.0,3.0,,9,0,,8,11,,1920.0,1905,,62.1,98.9,0.325,0.294,0.501,48.5,58.5,11.4,5.1,0.47,15.8,31.5,0.216
276,UT Arlington,29,13,16,0.448,-11.35,-7.5,,8.0,8.0,,7,5,,4,10,,2078.0,2150,,,102.5,0.358,0.329,0.527,49.2,57.7,9.7,4.2,0.493,18.1,36.0,0.247
277,Utah NCAA,34,30,4,0.882,17.08,4.9,,12.0,2.0,,13,0,,10,3,,2381.0,1959,,63.1,111.1,0.478,0.278,0.576,57.8,56.1,9.1,9.3,0.532,18.0,38.2,0.349
278,Utah State NCAA,33,25,8,0.758,6.54,1.44,,13.0,3.0,,14,0,,7,7,,2375.0,2140,,64.7,108.8,0.422,0.183,0.559,54.4,41.1,8.4,5.8,0.523,17.1,36.7,0.296
279,UTEP,26,12,14,0.462,0.57,2.99,,3.0,11.0,,10,6,,2,7,,1670.0,1710,,65.2,97.1,0.416,0.293,0.494,52.0,54.0,8.7,9.3,0.456,16.5,32.1,0.271
280,UTSA,27,16,11,0.593,-5.93,-9.77,,10.0,6.0,,8,4,,7,6,,2050.0,1953,,73.7,102.5,0.426,0.311,0.532,49.9,55.4,10.9,10.0,0.508,18.7,35.7,0.263
281,Valparaiso NCAA,33,23,10,0.697,1.76,-2.66,,13.0,3.0,,10,3,,7,5,,2440.0,2257,,67.5,109.1,0.412,0.273,0.557,53.6,61.7,9.6,7.2,0.521,18.3,40.1,0.29
282,Vanderbilt,33,20,13,0.606,11.68,7.01,,7.0,9.0,,13,3,,5,8,,2470.0,2316,,,104.5,0.369,0.301,0.553,49.3,52.8,13.8,6.3,0.52,18.9,35.6,0.261
283,Vermont,27,16,11,0.593,-2.67,-6.79,,11.0,7.0,,11,2,,5,8,,2005.0,1884,,70.8,102.9,0.416,0.282,0.514,51.0,55.0,10.1,11.7,0.475,16.6,36.7,0.28
284,Villanova,29,12,17,0.414,6.75,9.06,,8.0,10.0,,8,6,,3,10,,2025.0,2092,,69.9,98.3,0.258,0.362,0.512,47.5,62.5,9.8,10.4,0.49,19.6,35.9,0.169
285,Virginia,30,11,19,0.367,6.03,10.33,,3.0,13.0,,6,7,,1,9,,1972.0,2101,,66.8,96.4,0.331,0.323,0.52,53.0,59.0,6.6,10.1,0.494,20.7,34.2,0.216
286,Virginia Commonwealth,28,9,19,0.321,-5.01,-1.73,,4.0,12.0,,7,7,,1,11,,1787.0,1879,,66.5,95.6,0.329,0.342,0.499,52.0,58.1,9.8,9.9,0.468,20.2,37.2,0.218
287,VMI,27,14,13,0.519,-11.27,-5.66,,8.0,7.0,,9,4,,5,8,,2037.0,2022,,75.5,97.7,0.312,0.344,0.499,47.7,53.4,13.4,7.7,0.47,17.3,33.8,0.205
288,Virginia Tech,27,10,17,0.37,3.21,4.66,,5.0,11.0,,8,6,,2,7,,1787.0,1826,,66.8,98.7,0.323,0.275,0.512,51.2,52.2,9.2,11.6,0.481,19.0,37.2,0.218
289,Wagner,29,13,16,0.448,-11.54,-7.33,,7.0,9.0,,8,4,,2,11,,2129.0,2215,,76.2,95.1,0.357,0.258,0.494,47.7,59.4,11.8,7.4,0.465,19.7,35.8,0.225
290,Wake Forest,30,16,14,0.533,9.62,10.36,,7.0,9.0,,12,6,,3,6,,1974.0,1996,,64.7,101.2,0.403,0.388,0.52,50.3,46.2,6.7,8.9,0.478,18.1,35.6,0.282
291,Washington NCAA,30,20,10,0.667,10.28,8.28,,11.0,7.0,,12,2,,6,7,,2359.0,2299,,74.5,104.7,0.438,0.241,0.565,51.7,54.9,8.7,8.1,0.53,20.2,36.8,0.304
292,Washington State,29,10,19,0.345,4.98,7.79,,3.0,15.0,,5,6,,4,9,,2082.0,2087,,73.2,96.8,0.433,0.262,0.529,51.9,51.4,8.6,7.8,0.49,21.8,35.1,0.296
293,Weber State,27,14,13,0.519,-0.19,-1.1,,12.0,4.0,,9,2,,4,9,,1957.0,1925,,70.0,103.0,0.342,0.308,0.533,52.6,55.2,11.4,3.6,0.497,18.3,37.6,0.244
294,West Virginia NCAA,33,24,9,0.727,16.24,6.95,,11.0,7.0,,13,1,,4,6,,2647.0,2282,,73.5,108.8,0.309,0.231,0.518,51.9,50.9,16.7,9.2,0.499,14.8,41.4,0.189
295,Western Carolina,27,12,15,0.444,-10.7,-6.36,,6.0,9.0,,8,4,,3,9,,1946.0,1979,,72.3,98.8,0.29,0.276,0.504,46.2,58.9,11.0,3.9,0.47,16.4,32.4,0.208
296,Western Illinois,27,16,11,0.593,-8.13,-6.69,,11.0,5.0,,11,1,,4,8,,1918.0,1896,,68.5,102.7,0.367,0.289,0.522,52.2,63.0,10.9,4.9,0.49,17.6,39.2,0.247
297,Western Kentucky,29,10,19,0.345,-5.28,-1.31,,6.0,12.0,,6,8,,3,10,,1905.0,2020,,71.1,91.2,0.348,0.281,0.503,48.8,51.6,11.4,10.0,0.475,22.9,35.3,0.222
298,Western Michigan NCAA,29,21,8,0.724,10.28,1.9,,14.0,4.0,,11,2,,8,4,,2286.0,2043,,72.9,107.6,0.376,0.3,0.57,46.8,55.4,12.9,6.0,0.532,17.6,31.2,0.28
299,Wichita State,31,16,15,0.516,0.95,1.89,,11.0,7.0,,10,5,,5,6,,1970.0,1999,,67.6,92.5,0.416,0.376,0.472,48.7,57.8,12.0,5.5,0.436,17.6,32.7,0.26
300,William & Mary,27,20,7,0.741,3.31,-4.0,,13.0,3.0,,12,1,,7,5,,1888.0,1668,,67.6,102.5,0.403,0.352,0.53,49.7,60.4,11.7,10.7,0.5,17.4,32.5,0.263
301,Winthrop,27,7,20,0.259,-20.09,-8.59,,4.0,8.0,,4,9,,3,10,,1711.0,1912,,69.5,90.8,0.319,0.345,0.467,47.1,57.5,11.6,8.1,0.439,18.4,34.3,0.197
302,Wisconsin,31,12,19,0.387,7.19,9.22,,3.0,13.0,,7,8,,2,9,,1877.0,1940,,64.0,93.8,0.413,0.277,0.497,49.1,54.0,9.4,9.9,0.449,18.6,30.8,0.291
303,Wofford,27,9,18,0.333,-16.06,-4.85,,6.0,8.0,,8,3,,1,15,,1746.0,1892,,,91.1,0.295,0.348,0.473,48.6,53.4,9.5,7.4,0.445,20.5,34.2,0.187
304,Wright State,28,10,18,0.357,-4.35,1.51,,3.0,11.0,,6,7,,3,10,,1881.0,2009,,72.8,91.9,0.403,0.221,0.503,50.4,49.0,10.1,6.5,0.466,22.1,35.4,0.266
305,Wyoming,28,19,9,0.679,5.53,1.57,,9.0,5.0,,13,2,,4,6,,1786.0,1656,,62.5,100.7,0.534,0.341,0.534,51.6,55.0,8.9,8.1,0.477,18.1,32.2,0.384
306,Xavier NCAA,30,22,8,0.733,19.46,4.76,,11.0,5.0,,14,1,,5,5,,2506.0,2065,,74.2,112.2,0.495,0.278,0.579,53.7,58.3,15.8,7.5,0.533,19.0,42.5,0.365
307,Yale,26,12,14,0.462,-9.71,-6.79,,7.0,7.0,,7,5,,3,8,,1693.0,1742,,66.8,94.8,0.463,0.359,0.543,50.0,56.1,12.0,5.0,0.492,22.8,28.6,0.34
308,Youngstown State,29,20,9,0.69,-1.92,-7.66,,11.0,5.0,,10,3,,7,5,,2098.0,1872,,67.6,106.5,0.342,0.325,0.527,53.5,56.1,8.9,9.1,0.498,17.5,41.0,0.228
