Rk,School,G,W,L,W-L%,SRS,SOS,,Conf_W,Conf_L,,Home_W,Home_L,,Away_W,Away_L,,Tm.,Opp.,,MP,FG,FGA,FG%,3P,3PA,3P%,FT,FTA,FT%,ORB,TRB,AST,STL,BLK,TOV,PF
1,Air Force,31,10,21,0.323,-2.99,2.37,,0.0,16.0,,7.0,10.0,,1,9,,58.7,62.5,,40.0,19.7,44.8,0.44,6.65,17.6,0.377,12.7,18.8,0.674,7.39,28.4,12.2,5.0,2.26,13.1,17.5
2,Akron NCAA,36,23,13,0.639,3.37,-2.01,,10.0,6.0,,11.0,3.0,,8,8,,66.8,60.3,,40.4,22.9,54.7,0.418,7.17,21.6,0.332,13.9,19.6,0.708,11.8,33.3,12.4,7.5,2.22,13.6,20.7
3,Alabama,32,18,14,0.563,5.49,3.99,,7.0,9.0,,13.0,5.0,,2,7,,73.4,70.4,,40.5,26.4,59.8,0.442,4.91,15.0,0.328,15.7,22.2,0.706,13.8,39.5,11.2,7.34,4.5,14.5,17.1
4,Alabama A&M,27,8,19,0.296,-19.72,-11.63,,6.0,12.0,,6.0,7.0,,2,11,,65.2,72.4,,40.2,22.5,58.0,0.388,4.48,16.8,0.267,15.7,23.6,0.665,12.6,35.1,11.0,8.3,3.33,16.6,20.3
5,Alabama State NCAA,32,22,10,0.688,-6.13,-11.2,,16.0,2.0,,10.0,1.0,,8,7,,68.8,63.3,,,25.5,54.8,0.466,5.66,17.2,0.329,12.2,19.2,0.634,11.2,35.3,13.9,5.69,4.78,13.6,17.4
6,Albany (NY),31,15,16,0.484,-6.63,-4.11,,6.0,10.0,,10.0,4.0,,5,12,,64.0,65.7,,40.2,23.1,55.3,0.417,4.19,14.3,0.294,13.7,19.0,0.719,13.7,38.9,11.8,5.16,2.03,15.3,20.2
7,Alcorn State,31,6,25,0.194,-25.55,-10.26,,4.0,14.0,,5.0,7.0,,1,15,,69.5,83.5,,,23.9,61.3,0.39,6.03,18.4,0.327,15.6,22.9,0.684,10.3,32.0,9.97,8.29,1.77,14.7,19.6
8,American NCAA,32,24,8,0.75,-0.05,-5.49,,13.0,1.0,,13.0,1.0,,11,6,,64.5,59.1,,40.3,23.5,50.4,0.465,7.19,19.2,0.374,10.4,16.1,0.648,9.44,32.7,13.2,5.5,2.47,13.2,18.2
9,Appalachian State,31,13,18,0.419,-8.44,-5.44,,9.0,11.0,,7.0,7.0,,5,9,,76.0,76.8,,41.0,25.8,57.0,0.452,7.71,20.7,0.372,16.7,23.6,0.708,13.0,39.4,13.1,6.03,3.42,17.5,20.2
10,Arizona NCAA,35,21,14,0.6,11.88,8.8,,9.0,9.0,,14.0,3.0,,2,9,,72.3,69.2,,40.1,25.6,54.1,0.474,6.06,15.7,0.387,14.9,20.3,0.738,11.1,33.8,14.3,6.2,2.97,12.6,15.7
11,Arizona State NCAA,35,25,10,0.714,16.7,7.82,,11.0,7.0,,12.0,3.0,,6,4,,69.4,60.5,,40.6,23.6,49.1,0.48,8.23,22.2,0.37,14.0,19.0,0.737,8.23,31.0,15.5,5.74,2.06,11.5,15.9
12,Arkansas,30,14,16,0.467,3.79,3.89,,2.0,14.0,,12.0,6.0,,1,9,,74.6,73.8,,40.5,26.6,60.7,0.438,6.73,20.3,0.332,14.7,22.6,0.651,12.7,37.6,13.0,7.57,2.87,14.0,17.4
13,Arkansas State,30,13,17,0.433,-5.42,-4.31,,5.0,13.0,,9.0,5.0,,4,12,,66.5,64.9,,40.8,24.4,56.2,0.434,4.8,14.7,0.326,13.0,19.0,0.683,11.6,36.5,13.4,6.7,3.63,13.6,16.7
14,Arkansas-Pine Bluff,31,13,18,0.419,-15.45,-7.48,,11.0,7.0,,6.0,3.0,,6,14,,62.7,70.6,,,22.9,57.0,0.401,4.0,13.9,0.288,12.9,20.9,0.618,14.4,38.0,10.9,8.74,2.71,19.5,22.7
15,Army,30,11,19,0.367,-10.11,-7.59,,6.0,8.0,,7.0,7.0,,4,12,,58.0,60.8,,40.7,21.5,51.1,0.42,4.8,14.2,0.337,10.3,14.9,0.69,7.9,29.2,13.2,7.47,2.5,15.3,19.3
16,Auburn,36,24,12,0.667,9.93,3.56,,10.0,6.0,,18.0,4.0,,5,5,,72.8,65.4,,40.1,25.8,58.8,0.439,7.72,23.1,0.334,13.5,22.3,0.606,11.7,36.8,14.1,9.08,3.42,13.1,18.7
17,Austin Peay,33,19,14,0.576,-4.2,-3.69,,13.0,5.0,,9.0,5.0,,9,7,,75.3,74.2,,40.6,26.8,56.9,0.471,6.82,18.7,0.365,14.8,21.6,0.688,10.9,34.0,14.7,6.79,3.18,13.5,18.5
18,Ball State,31,14,17,0.452,-5.5,-3.02,,7.0,9.0,,10.0,6.0,,3,10,,57.9,59.7,,40.5,20.8,50.7,0.411,4.32,12.7,0.339,11.9,19.5,0.611,10.7,34.5,10.7,5.1,2.03,13.1,18.5
19,Baylor,39,24,15,0.615,12.54,7.93,,5.0,11.0,,14.0,5.0,,4,7,,76.0,70.1,,40.1,26.3,56.2,0.467,8.21,22.5,0.365,15.3,21.5,0.712,10.5,34.2,12.4,7.23,3.74,12.8,18.4
20,Belmont,33,20,13,0.606,0.39,-1.37,,14.0,6.0,,12.0,3.0,,8,9,,76.6,70.7,,40.3,26.3,59.4,0.443,10.2,28.8,0.354,13.8,20.1,0.684,11.8,35.9,16.6,7.91,2.55,14.5,19.3
21,Bethune-Cookman,33,17,16,0.515,-12.41,-9.76,,9.0,7.0,,8.0,4.0,,7,10,,58.4,58.8,,40.6,20.8,52.3,0.397,4.12,14.8,0.278,12.7,20.2,0.632,12.7,35.2,9.3,6.73,2.79,14.4,19.5
22,Binghamton NCAA,32,23,9,0.719,-3.27,-5.62,,13.0,3.0,,12.0,2.0,,9,6,,70.0,67.4,,40.5,24.3,55.1,0.441,6.0,18.0,0.334,15.3,22.9,0.67,11.2,34.4,12.0,7.09,4.19,13.5,20.4
23,Boise State,32,19,13,0.594,-0.95,0.54,,9.0,7.0,,13.0,3.0,,6,9,,72.8,72.3,,40.3,27.3,57.8,0.473,6.25,18.3,0.342,11.8,17.0,0.697,9.81,34.3,15.9,6.25,3.66,14.9,18.0
24,Boston College NCAA,34,22,12,0.647,10.36,7.23,,9.0,7.0,,15.0,4.0,,5,5,,74.4,70.5,,40.3,26.0,58.8,0.443,6.38,19.1,0.334,15.9,21.6,0.738,14.3,37.0,14.8,6.12,4.32,13.4,18.1
25,Boston University,30,17,13,0.567,-2.61,-4.91,,11.0,5.0,,9.0,6.0,,8,6,,68.6,66.3,,41.7,23.3,54.9,0.424,8.9,24.7,0.361,13.2,19.3,0.683,11.5,34.6,12.7,6.73,3.23,13.6,17.1
26,Bowling Green State,33,19,14,0.576,0.09,-1.75,,11.0,5.0,,10.0,4.0,,6,9,,64.4,61.2,,40.5,23.5,54.4,0.432,6.24,17.7,0.353,11.2,16.6,0.675,11.5,35.9,12.6,6.7,3.64,12.9,17.2
27,Bradley,36,21,15,0.583,2.48,1.95,,10.0,8.0,,14.0,4.0,,5,9,,67.1,66.3,,40.3,22.4,50.9,0.44,6.0,18.3,0.328,16.3,22.7,0.719,10.8,32.2,12.6,7.83,3.47,14.5,18.0
28,Brigham Young NCAA,33,25,8,0.758,15.12,4.15,,12.0,4.0,,14.0,2.0,,9,3,,77.1,65.2,,40.2,27.5,56.9,0.484,7.21,18.9,0.381,14.8,20.3,0.729,9.15,36.2,16.3,7.3,3.61,11.4,18.4
29,Brown,28,9,19,0.321,-12.39,-5.02,,3.0,11.0,,8.0,5.0,,1,14,,61.1,67.8,,40.2,21.4,50.2,0.426,5.82,18.4,0.317,12.5,19.0,0.659,8.39,32.6,13.3,4.61,3.0,14.4,15.2
30,Bryant,29,8,21,0.276,,,,,,,3.0,7.0,,3,13,,57.6,67.9,,,20.0,51.0,0.393,7.14,21.7,0.329,10.4,15.7,0.662,9.17,29.2,12.1,5.93,2.45,13.4,17.7
31,Bucknell,30,7,23,0.233,-11.59,-4.12,,4.0,10.0,,6.0,8.0,,1,15,,64.3,71.7,,41.3,22.6,58.9,0.384,7.07,20.6,0.343,11.9,17.6,0.678,10.7,37.5,11.3,4.83,2.5,14.2,20.0
32,Buffalo,33,21,12,0.636,1.44,-0.9,,11.0,5.0,,9.0,4.0,,7,7,,65.3,63.0,,40.5,23.6,56.5,0.417,5.27,15.3,0.344,12.9,20.0,0.645,13.8,36.8,12.3,6.52,2.76,14.1,18.4
33,Butler NCAA,32,26,6,0.813,10.07,2.07,,15.0,3.0,,15.0,2.0,,11,3,,67.8,57.9,,40.0,22.0,50.3,0.438,8.03,22.8,0.352,15.7,21.6,0.724,10.3,34.2,13.0,6.03,3.19,12.5,17.8
34,Cal Poly,28,7,21,0.25,-8.32,-1.32,,3.0,13.0,,3.0,12.0,,3,8,,65.1,70.1,,40.2,23.0,56.8,0.405,6.75,20.0,0.338,12.3,17.4,0.704,10.5,33.2,10.7,5.89,2.86,11.7,15.3
35,Cal State Bakersfield,29,8,21,0.276,,,,,,,4.0,6.0,,2,14,,64.7,72.2,,,22.3,56.7,0.393,6.38,20.1,0.318,13.7,20.2,0.678,12.8,32.8,10.6,5.45,2.28,13.2,18.3
36,Cal State Fullerton,32,15,17,0.469,-4.2,-1.26,,7.0,9.0,,7.0,6.0,,7,7,,73.3,73.6,,40.3,25.8,59.1,0.436,8.09,23.5,0.344,13.7,19.2,0.713,11.6,33.6,13.2,6.63,3.59,13.2,18.5
37,Cal State Northridge NCAA,31,17,14,0.548,2.65,-0.14,,11.0,5.0,,10.0,2.0,,5,11,,73.6,70.3,,40.3,26.5,58.3,0.454,6.94,19.6,0.353,13.7,19.7,0.696,13.0,37.1,13.9,8.9,2.68,17.7,22.0
38,California NCAA,33,22,11,0.667,13.3,7.21,,11.0,7.0,,16.0,2.0,,6,6,,74.9,68.8,,40.6,27.0,56.0,0.483,6.36,14.9,0.427,14.5,19.2,0.755,10.1,33.7,15.4,4.82,2.0,12.1,17.0
39,Campbell,30,14,16,0.467,-7.97,-3.42,,11.0,9.0,,10.0,4.0,,4,10,,72.1,71.8,,40.0,24.8,57.4,0.432,5.93,16.7,0.355,16.6,23.4,0.71,12.6,36.8,15.7,8.33,2.53,16.6,20.8
40,Canisius,31,11,20,0.355,-6.46,-1.68,,4.0,14.0,,5.0,8.0,,5,12,,62.9,67.6,,40.5,23.0,56.4,0.409,5.03,17.5,0.287,11.8,19.1,0.616,12.6,37.7,12.1,5.16,4.55,16.4,20.6
41,Centenary (LA),31,8,23,0.258,-8.46,-1.56,,6.0,12.0,,4.0,5.0,,2,15,,64.3,71.2,,,22.4,55.5,0.403,7.48,21.7,0.345,12.0,17.7,0.679,,29.8,12.0,8.9,2.65,13.7,21.9
42,Central Arkansas,29,10,19,0.345,,,,3.0,13.0,,4.0,8.0,,1,10,,63.5,69.2,,,21.6,54.0,0.4,5.52,16.9,0.326,14.7,22.3,0.661,11.5,34.7,11.0,5.55,3.21,13.6,18.4
43,Central Connecticut State,30,13,17,0.433,-10.35,-6.76,,8.0,10.0,,8.0,5.0,,5,12,,64.8,68.1,,40.2,24.0,53.5,0.448,4.17,13.2,0.316,12.7,17.6,0.72,11.1,32.3,13.0,6.13,2.73,14.3,14.7
44,Central Michigan,31,12,19,0.387,-7.06,-4.15,,7.0,9.0,,8.0,6.0,,3,11,,62.2,65.1,,,21.9,52.5,0.418,5.81,17.3,0.336,12.5,19.8,0.631,11.7,31.6,9.87,7.87,2.55,14.4,22.5
45,Charleston Southern,29,9,20,0.31,-14.07,-5.46,,4.0,14.0,,7.0,9.0,,2,10,,69.0,72.1,,40.2,25.9,59.3,0.437,6.72,20.1,0.334,10.4,16.4,0.632,12.7,37.9,13.4,6.1,3.17,13.7,17.8
46,Charlotte,31,11,20,0.355,0.79,2.47,,5.0,11.0,,9.0,6.0,,2,11,,68.7,70.4,,40.8,24.3,59.1,0.41,6.97,22.8,0.306,13.2,19.4,0.682,12.8,35.3,13.6,6.45,3.32,13.1,18.6
47,Chattanooga NCAA,35,18,17,0.514,-6.25,-3.13,,11.0,9.0,,13.0,3.0,,5,10,,75.9,76.8,,40.4,25.1,57.2,0.438,8.26,23.5,0.352,17.5,26.7,0.657,12.5,39.3,13.6,6.23,2.26,15.7,18.5
48,Chicago State,32,19,13,0.594,-5.97,-4.51,,,,,11.0,3.0,,6,9,,84.2,80.5,,40.8,29.9,64.9,0.46,7.91,22.8,0.347,16.5,24.2,0.683,14.4,38.1,15.8,10.0,3.84,15.2,20.9
49,Cincinnati,32,18,14,0.563,7.83,6.77,,8.0,10.0,,14.0,5.0,,4,7,,68.3,66.3,,40.5,24.8,58.4,0.424,7.28,21.9,0.332,11.6,17.6,0.657,14.3,37.7,14.6,5.72,3.22,13.6,18.4
50,Clemson NCAA,32,23,9,0.719,15.56,6.59,,9.0,7.0,,13.0,3.0,,7,5,,78.3,68.0,,40.2,28.5,61.6,0.463,8.0,21.4,0.374,13.3,19.4,0.688,14.4,37.2,14.9,9.31,5.84,14.3,18.0
51,Cleveland State NCAA,37,26,11,0.703,6.97,2.12,,12.0,6.0,,13.0,2.0,,8,8,,66.4,59.5,,40.0,23.8,55.2,0.432,4.86,15.6,0.311,13.8,19.7,0.701,11.9,34.2,13.8,8.65,3.19,12.3,18.4
52,Coastal Carolina,31,11,20,0.355,-11.74,-6.98,,5.0,13.0,,8.0,6.0,,2,13,,69.3,70.7,,40.5,25.4,57.1,0.444,7.1,21.2,0.335,11.5,18.6,0.616,12.5,36.8,14.7,6.68,3.06,16.1,16.9
53,Colgate,30,10,20,0.333,-13.26,-6.12,,5.0,9.0,,4.0,7.0,,6,13,,56.7,63.2,,40.3,19.7,48.9,0.402,4.93,15.6,0.317,12.4,18.5,0.671,9.1,31.5,10.3,4.5,3.3,14.7,16.9
54,College of Charleston,36,27,9,0.75,-1.33,-5.87,,15.0,5.0,,12.0,4.0,,11,5,,77.3,72.7,,40.1,28.2,59.7,0.472,8.33,21.8,0.382,12.6,19.1,0.659,11.7,35.6,13.5,6.75,4.14,12.6,16.1
55,Colorado,31,9,22,0.29,-0.06,5.04,,1.0,15.0,,8.0,9.0,,0,10,,62.9,67.5,,40.5,21.8,47.9,0.454,5.55,16.0,0.346,13.8,18.9,0.731,6.48,27.6,11.5,5.97,1.61,14.1,18.5
56,Colorado State,31,9,22,0.29,-1.16,3.88,,4.0,12.0,,6.0,9.0,,2,11,,69.1,74.2,,40.5,23.8,55.5,0.428,6.23,17.5,0.356,15.3,21.4,0.716,11.1,33.0,10.9,5.81,2.39,13.7,19.4
57,Columbia,28,12,16,0.429,-9.92,-6.46,,7.0,7.0,,9.0,6.0,,3,9,,60.3,62.1,,40.2,21.5,53.2,0.404,4.93,15.5,0.317,12.4,18.5,0.669,10.9,34.1,11.6,6.57,1.93,14.1,18.8
58,Connecticut NCAA,36,31,5,0.861,22.17,8.57,,15.0,3.0,,14.0,2.0,,9,1,,78.3,64.3,,41.0,27.7,58.4,0.474,4.58,13.4,0.341,18.4,27.1,0.678,14.2,43.3,15.8,5.81,7.78,12.7,13.1
59,Coppin State,32,13,19,0.406,-9.56,-4.59,,9.0,7.0,,7.0,2.0,,4,14,,63.8,67.5,,40.2,22.8,55.2,0.413,5.78,16.7,0.346,12.5,17.3,0.721,10.5,31.0,9.59,7.88,1.41,12.6,16.5
60,Cornell NCAA,31,21,10,0.677,2.71,-4.01,,11.0,3.0,,14.0,0.0,,5,8,,73.6,64.7,,40.3,26.5,56.0,0.473,7.77,18.9,0.411,12.8,17.6,0.73,10.4,35.6,15.5,6.55,3.9,12.8,17.9
61,Creighton,35,27,8,0.771,8.69,0.92,,14.0,4.0,,16.0,3.0,,8,4,,73.3,65.5,,40.1,24.5,55.1,0.444,7.89,20.8,0.38,16.4,21.9,0.749,9.83,32.6,14.1,8.2,3.94,12.2,18.8
62,Dartmouth,28,9,19,0.321,-13.28,-6.03,,7.0,7.0,,6.0,9.0,,3,9,,62.5,67.8,,40.7,22.9,55.7,0.412,5.21,15.3,0.342,11.4,17.4,0.658,11.0,32.9,9.71,6.61,4.36,13.9,20.0
63,Davidson,35,27,8,0.771,8.26,-3.33,,18.0,2.0,,12.0,3.0,,11,3,,77.8,65.9,,40.0,27.3,62.7,0.436,8.71,24.5,0.355,14.4,20.6,0.699,13.1,38.8,14.1,8.14,3.23,12.5,20.4
64,Dayton NCAA,35,27,8,0.771,7.16,1.76,,11.0,5.0,,18.0,0.0,,5,5,,66.8,61.4,,40.3,23.7,56.3,0.421,5.43,16.5,0.328,13.9,21.5,0.648,13.8,37.9,13.9,6.49,3.54,13.6,19.2
65,Delaware,32,13,19,0.406,-4.83,-2.64,,6.0,12.0,,8.0,7.0,,3,11,,67.9,70.1,,,23.0,55.6,0.413,7.22,21.8,0.332,14.8,21.0,0.703,10.3,34.0,13.1,5.63,2.88,13.0,18.2
66,Delaware State,32,8,24,0.25,-14.53,-4.78,,6.0,10.0,,5.0,6.0,,3,14,,57.7,65.6,,40.3,21.3,50.5,0.423,5.78,17.1,0.339,9.25,14.2,0.652,11.1,30.6,9.81,5.16,3.84,15.3,16.1
67,Denver,31,15,16,0.484,-4.58,-4.97,,9.0,9.0,,12.0,3.0,,2,12,,60.8,60.4,,40.8,20.7,43.2,0.479,7.84,20.8,0.377,11.5,15.6,0.738,4.68,23.8,13.6,5.16,2.03,13.1,20.8
68,DePaul,33,9,24,0.273,-1.21,6.88,,0.0,18.0,,6.0,10.0,,1,11,,64.3,72.4,,40.0,23.6,58.2,0.406,5.7,19.2,0.296,11.4,18.5,0.616,12.9,34.7,11.3,6.76,3.09,12.5,15.2
69,Detroit Mercy,30,7,23,0.233,-8.08,0.65,,2.0,16.0,,4.0,8.0,,3,15,,56.5,64.6,,40.2,20.3,48.8,0.417,3.2,11.6,0.276,12.6,19.5,0.646,10.2,31.0,10.3,6.53,2.97,16.8,20.7
70,Drake,33,17,16,0.515,1.32,1.41,,7.0,11.0,,12.0,7.0,,4,7,,64.5,62.5,,40.3,20.8,50.0,0.417,8.06,23.2,0.348,14.8,19.6,0.753,9.21,32.7,11.6,6.3,2.21,12.8,15.6
71,Drexel,29,15,14,0.517,-0.8,-1.28,,10.0,8.0,,8.0,5.0,,7,8,,61.7,61.2,,40.2,21.0,56.4,0.372,4.9,16.7,0.293,14.8,22.0,0.672,15.3,40.0,11.1,4.9,3.83,12.7,19.9
72,Duke NCAA,37,30,7,0.811,20.1,9.07,,11.0,5.0,,16.0,1.0,,6,5,,77.5,65.9,,40.1,26.2,59.1,0.444,7.22,20.7,0.349,17.8,24.4,0.728,13.2,36.4,13.3,8.41,3.95,12.3,18.1
73,Duquesne,34,21,13,0.618,6.04,2.48,,9.0,7.0,,10.0,5.0,,8,7,,78.9,74.7,,40.6,27.5,58.4,0.471,8.71,24.3,0.359,15.2,21.9,0.696,11.0,33.4,16.6,7.56,3.41,13.7,17.5
74,East Carolina,30,13,17,0.433,-3.0,1.26,,5.0,11.0,,10.0,6.0,,3,10,,72.5,73.8,,,24.5,55.5,0.442,8.7,23.0,0.379,14.8,20.2,0.732,10.5,33.9,14.7,5.63,2.93,12.2,16.9
75,East Tennessee State NCAA,34,23,11,0.676,3.21,-1.87,,14.0,6.0,,11.0,2.0,,9,6,,78.1,70.1,,40.3,27.8,60.1,0.462,5.74,17.4,0.331,16.9,23.8,0.709,11.6,37.9,12.6,8.44,3.85,14.0,18.3
76,Eastern Illinois,30,12,18,0.4,-9.18,-5.47,,8.0,10.0,,9.0,5.0,,3,13,,64.5,66.1,,40.2,23.5,53.3,0.442,5.13,14.3,0.36,12.3,17.2,0.718,10.7,34.1,12.9,4.97,1.9,12.9,17.6
77,Eastern Kentucky,31,18,13,0.581,-2.82,-5.45,,10.0,8.0,,12.0,2.0,,5,11,,72.5,66.5,,40.5,25.7,55.1,0.467,10.3,25.7,0.401,10.7,15.4,0.692,10.5,29.7,15.8,7.74,1.87,10.9,16.1
78,Eastern Michigan,32,8,24,0.25,-11.69,-1.79,,6.0,10.0,,5.0,9.0,,3,12,,57.3,63.8,,,20.8,51.8,0.402,4.81,15.8,0.304,10.9,17.9,0.606,11.5,34.4,11.4,6.06,3.56,15.7,16.8
79,Eastern Washington,30,12,18,0.4,-7.13,-1.81,,6.0,10.0,,9.0,5.0,,3,13,,63.5,68.5,,40.3,23.0,54.9,0.418,5.5,17.0,0.324,12.1,17.5,0.691,10.7,32.1,11.7,5.8,2.13,12.7,19.2
80,Elon,31,11,20,0.355,-11.97,-4.62,,7.0,13.0,,8.0,6.0,,2,14,,65.8,70.9,,40.6,24.1,55.2,0.436,5.97,17.2,0.348,11.7,18.1,0.645,10.2,32.5,13.7,7.19,3.35,14.0,18.2
81,Evansville,31,17,14,0.548,1.87,2.29,,8.0,10.0,,15.0,4.0,,2,9,,67.1,65.7,,40.2,23.6,53.0,0.446,3.19,10.0,0.318,16.6,24.0,0.694,10.0,33.6,14.7,5.9,1.32,13.2,20.0
82,Fairfield,32,17,15,0.531,-2.29,-0.44,,9.0,9.0,,9.0,4.0,,6,9,,65.4,67.3,,40.0,23.1,54.9,0.421,6.25,18.8,0.333,13.0,19.8,0.657,11.6,34.5,13.3,6.41,3.69,13.4,17.8
83,FDU,30,7,23,0.233,-17.59,-5.18,,6.0,12.0,,4.0,9.0,,3,14,,63.6,76.1,,,22.5,53.8,0.418,4.1,14.6,0.281,14.5,22.8,0.636,11.5,32.1,11.2,5.83,4.37,17.0,17.2
84,Florida,36,25,11,0.694,12.83,3.88,,9.0,7.0,,19.0,2.0,,2,7,,77.1,67.4,,40.0,28.3,59.3,0.477,8.17,22.3,0.367,12.3,17.8,0.693,11.1,34.3,16.8,8.17,2.69,12.1,16.0
85,Florida A&M,31,10,21,0.323,-17.22,-5.72,,6.0,10.0,,7.0,3.0,,1,16,,61.3,71.9,,,21.6,55.6,0.388,6.77,21.1,0.321,11.3,18.2,0.622,,31.0,10.7,6.94,2.13,13.9,19.1
86,Florida Atlantic,32,6,26,0.188,-9.68,-2.1,,2.0,16.0,,5.0,7.0,,0,18,,65.0,72.5,,40.0,23.0,55.5,0.414,5.41,16.6,0.325,13.6,18.3,0.739,11.2,33.4,12.2,4.47,3.25,12.3,18.6
87,Florida Gulf Coast,31,11,20,0.355,,,,7.0,13.0,,6.0,6.0,,0,11,,65.2,71.5,,,21.6,53.7,0.403,5.39,16.3,0.331,16.5,23.6,0.699,11.3,35.4,13.6,7.68,2.94,17.5,20.3
88,Florida International,33,13,20,0.394,-7.71,-1.52,,7.0,11.0,,10.0,7.0,,3,12,,62.8,67.9,,,21.8,52.5,0.417,5.85,16.8,0.349,13.2,20.7,0.638,11.4,34.4,12.0,5.36,2.88,15.1,19.0
89,Florida State NCAA,35,25,10,0.714,11.37,7.91,,10.0,6.0,,13.0,3.0,,8,5,,68.3,64.9,,40.3,23.4,53.9,0.435,6.17,18.0,0.342,15.3,21.1,0.725,11.4,35.8,12.1,8.11,5.77,15.7,18.8
90,Fordham,28,3,25,0.107,-14.14,1.08,,1.0,15.0,,2.0,13.0,,1,11,,61.4,76.6,,40.0,22.0,58.1,0.379,6.04,20.3,0.297,11.3,18.0,0.626,10.8,30.4,10.8,6.21,2.86,12.5,19.5
91,Fresno State,34,13,21,0.382,-4.11,0.96,,3.0,13.0,,9.0,8.0,,3,10,,67.6,69.8,,40.6,23.6,53.9,0.438,7.18,20.6,0.348,13.2,19.7,0.671,10.3,33.4,14.2,6.56,4.74,14.4,16.7
92,Furman,30,6,24,0.2,-16.07,-4.62,,4.0,16.0,,6.0,7.0,,0,16,,61.0,71.0,,40.3,21.3,52.7,0.404,5.4,17.5,0.309,13.1,18.8,0.694,10.5,30.9,11.3,5.37,2.93,14.3,20.0
93,Gardner-Webb,30,13,17,0.433,-8.32,-5.04,,9.0,9.0,,7.0,5.0,,6,12,,74.0,74.8,,40.5,26.3,61.0,0.431,7.93,22.5,0.352,13.5,19.6,0.687,13.1,38.1,16.4,7.4,2.6,14.8,19.9
94,George Mason,33,22,11,0.667,3.78,-1.98,,13.0,5.0,,14.0,0.0,,6,11,,66.3,60.6,,40.5,24.6,54.9,0.448,5.39,16.3,0.331,11.7,18.1,0.644,11.6,36.1,11.6,6.09,3.21,11.9,15.7
95,George Washington,28,10,18,0.357,-2.08,0.31,,4.0,12.0,,7.0,5.0,,3,10,,66.2,68.6,,40.7,23.3,53.0,0.439,5.82,16.1,0.362,13.9,20.4,0.68,11.4,35.3,12.6,5.93,4.57,14.7,19.4
96,Georgetown,31,16,15,0.516,14.39,8.97,,7.0,11.0,,11.0,5.0,,3,8,,69.3,63.9,,40.6,23.9,51.0,0.469,6.16,18.5,0.332,15.3,21.4,0.715,10.0,32.7,13.7,7.9,3.94,14.5,17.7
97,Georgia,32,12,20,0.375,-1.81,5.5,,3.0,13.0,,10.0,8.0,,1,9,,64.9,69.9,,40.3,23.7,57.6,0.412,6.38,18.7,0.342,11.1,17.4,0.638,12.7,37.6,13.0,7.28,3.81,17.4,16.7
98,Georgia Southern,30,8,22,0.267,-13.5,-3.7,,5.0,15.0,,6.0,7.0,,1,13,,70.5,78.8,,40.0,25.7,59.2,0.435,7.1,20.5,0.346,11.9,18.0,0.662,11.9,34.1,11.6,6.8,2.43,15.0,20.0
99,Georgia State,32,12,20,0.375,-6.13,-1.83,,8.0,10.0,,6.0,8.0,,4,11,,60.3,63.6,,40.6,22.3,53.7,0.416,5.56,17.7,0.315,10.0,16.3,0.616,11.1,32.8,11.5,6.88,2.41,12.5,17.6
100,Georgia Tech,31,12,19,0.387,5.56,7.32,,2.0,14.0,,10.0,9.0,,2,10,,71.2,71.5,,40.6,26.3,60.3,0.436,5.13,15.9,0.323,13.5,21.5,0.63,13.0,39.1,14.9,8.26,4.97,16.8,19.6
101,Gonzaga NCAA,34,28,6,0.824,17.95,3.55,,14.0,0.0,,11.0,2.0,,9,1,,78.9,63.0,,40.3,28.4,58.3,0.488,7.38,18.9,0.39,14.7,20.5,0.717,10.1,37.5,15.1,7.24,5.12,11.4,16.2
102,Grambling,29,6,23,0.207,-23.07,-10.1,,4.0,14.0,,4.0,8.0,,1,14,,60.9,71.9,,40.7,22.2,53.8,0.413,5.79,17.9,0.323,10.7,17.6,0.609,10.6,32.7,11.9,5.07,2.72,15.4,18.0
103,Green Bay,33,22,11,0.667,5.63,0.73,,13.0,5.0,,13.0,2.0,,7,7,,72.7,66.5,,40.3,24.1,54.2,0.445,8.12,19.8,0.41,16.3,20.8,0.787,11.0,32.4,14.0,7.0,2.52,12.6,19.0
104,Hampton,32,16,16,0.5,-10.79,-7.58,,8.0,8.0,,6.0,6.0,,7,8,,57.8,59.4,,40.6,19.8,52.6,0.376,5.13,18.8,0.272,13.2,20.0,0.662,13.2,35.2,10.9,8.41,3.88,16.6,17.3
105,Hartford,33,7,26,0.212,-13.24,-2.93,,2.0,14.0,,4.0,8.0,,1,16,,60.5,70.2,,40.5,21.1,53.2,0.396,7.82,25.2,0.31,10.6,15.0,0.709,8.27,30.3,12.9,6.55,1.64,13.9,20.7
106,Harvard,28,14,14,0.5,-7.57,-6.05,,6.0,8.0,,7.0,6.0,,7,8,,67.5,67.4,,40.5,23.0,49.5,0.465,6.18,16.9,0.367,15.3,20.9,0.729,8.11,29.5,12.6,7.36,3.36,14.1,17.4
107,Hawaii,30,13,17,0.433,-2.51,-1.34,,5.0,11.0,,11.0,9.0,,2,7,,64.0,65.2,,40.2,22.0,51.8,0.424,3.53,12.5,0.283,16.6,23.2,0.714,13.1,34.7,12.9,5.73,3.8,15.9,18.8
108,High Point,30,9,21,0.3,-13.1,-5.89,,4.0,14.0,,5.0,10.0,,4,11,,64.4,66.7,,40.2,24.3,57.3,0.424,5.93,18.9,0.314,9.77,15.6,0.625,13.4,37.8,12.8,7.03,4.43,16.1,17.2
109,Hofstra,32,21,11,0.656,-3.42,-2.9,,11.0,7.0,,10.0,3.0,,8,6,,66.5,66.4,,40.6,22.8,57.8,0.394,5.63,17.9,0.314,15.3,22.1,0.693,15.2,40.8,11.3,6.56,5.25,15.2,21.2
110,Holy Cross,32,18,14,0.563,-3.56,-5.91,,11.0,3.0,,12.0,4.0,,6,10,,64.6,62.3,,40.2,23.2,54.0,0.43,4.59,14.6,0.314,13.6,20.1,0.678,13.6,36.0,14.1,8.47,3.19,15.9,19.8
111,Houston,33,21,12,0.636,8.26,1.29,,10.0,6.0,,12.0,3.0,,6,8,,75.8,68.5,,40.3,26.5,62.5,0.423,5.85,18.1,0.323,17.0,22.8,0.746,12.7,37.0,12.1,8.09,4.15,9.79,17.5
112,Houston Christian,30,5,25,0.167,,,,,,,0.0,7.0,,0,14,,68.3,82.3,,,24.1,59.4,0.406,7.73,24.1,0.321,12.4,18.9,0.657,11.3,33.2,11.8,7.33,2.63,15.9,20.9
113,Howard,31,8,23,0.258,-16.62,-6.58,,6.0,10.0,,8.0,5.0,,0,14,,61.3,70.5,,40.3,21.3,50.8,0.419,5.45,17.2,0.318,13.3,20.7,0.639,9.13,31.1,10.1,4.77,3.23,16.0,17.8
114,Idaho,33,17,16,0.515,-0.56,-0.15,,9.0,7.0,,13.0,3.0,,4,12,,65.9,65.7,,40.0,23.2,50.7,0.458,5.85,16.2,0.361,13.6,20.8,0.655,9.33,30.4,13.4,6.45,3.42,12.3,18.2
115,Idaho State,32,13,19,0.406,-3.22,0.17,,9.0,7.0,,11.0,4.0,,2,14,,65.3,68.3,,41.1,23.8,51.7,0.461,4.03,12.2,0.331,13.6,19.7,0.688,9.63,31.8,12.6,5.69,3.75,13.1,19.8
116,Illinois NCAA,34,24,10,0.706,14.38,6.73,,11.0,7.0,,14.0,3.0,,5,5,,64.8,57.2,,40.3,25.3,54.9,0.461,5.53,15.8,0.35,8.76,12.3,0.711,9.41,33.1,17.5,5.85,3.59,12.4,15.3
117,Illinois State,34,24,10,0.706,7.83,1.52,,11.0,7.0,,13.0,2.0,,7,7,,71.0,63.4,,41.2,24.6,55.5,0.443,8.74,23.0,0.38,13.1,19.0,0.692,11.3,37.0,13.4,7.0,2.79,12.7,17.8
118,Illinois-Chicago,31,16,15,0.516,0.98,0.02,,7.0,11.0,,8.0,6.0,,8,8,,67.3,65.6,,40.2,23.4,57.0,0.41,6.42,17.6,0.365,14.2,18.5,0.767,12.8,37.3,12.6,6.16,3.32,13.0,16.6
119,Indiana,31,6,25,0.194,-2.03,8.98,,1.0,17.0,,5.0,10.0,,0,11,,60.1,70.6,,40.2,21.3,49.4,0.43,5.39,16.1,0.335,12.2,18.7,0.649,10.1,30.7,11.7,6.16,2.06,17.5,19.4
120,Indiana State,32,11,21,0.344,-3.38,2.04,,7.0,11.0,,5.0,9.0,,4,10,,63.1,68.2,,40.6,21.1,51.3,0.411,7.53,21.7,0.348,13.4,18.4,0.729,9.72,31.8,11.8,5.19,2.84,14.2,18.5
121,Iona,31,12,19,0.387,-3.24,-2.37,,7.0,11.0,,5.0,6.0,,5,10,,62.3,63.1,,40.6,20.5,49.7,0.413,5.61,16.9,0.332,15.5,23.6,0.658,10.7,33.1,12.2,6.61,2.94,15.7,19.9
122,Iowa,32,15,17,0.469,6.65,6.84,,5.0,13.0,,13.0,4.0,,1,11,,60.2,59.6,,40.6,20.3,45.9,0.442,8.06,22.2,0.364,11.5,15.5,0.744,7.81,29.0,11.7,4.75,2.13,12.5,16.8
123,Iowa State,32,15,17,0.469,3.48,5.68,,4.0,12.0,,13.0,6.0,,2,10,,64.9,65.6,,40.2,23.4,54.1,0.432,7.38,21.3,0.346,10.8,15.3,0.705,7.78,33.7,14.2,3.97,3.44,12.1,15.8
124,IU Indy,30,16,14,0.533,-2.92,-2.51,,9.0,9.0,,8.0,5.0,,7,6,,65.5,63.3,,40.2,24.4,51.1,0.478,4.9,14.5,0.337,11.7,17.9,0.654,9.53,31.0,13.3,7.2,3.63,12.8,15.5
125,Jackson State,33,18,15,0.545,-9.5,-8.22,,15.0,3.0,,9.0,0.0,,6,14,,69.9,70.5,,40.2,24.4,56.1,0.435,4.09,15.2,0.268,17.0,24.1,0.704,12.7,36.5,13.7,7.27,2.76,15.8,19.4
126,Jacksonville,32,18,14,0.563,1.62,-0.05,,15.0,5.0,,10.0,5.0,,8,8,,73.8,69.1,,40.5,25.7,57.5,0.446,6.28,17.9,0.35,16.2,23.4,0.692,14.3,37.3,13.1,8.16,3.66,14.4,20.2
127,Jacksonville State,28,11,17,0.393,-8.2,-4.78,,5.0,13.0,,6.0,6.0,,5,11,,70.1,70.8,,40.4,24.4,56.3,0.433,6.18,16.3,0.379,15.2,23.3,0.653,13.0,34.9,15.1,6.57,2.29,13.9,18.4
128,James Madison,36,21,15,0.583,-1.14,-2.91,,9.0,9.0,,9.0,4.0,,8,7,,70.6,68.5,,40.4,24.2,54.1,0.447,6.97,19.7,0.355,15.3,20.1,0.757,9.75,33.9,11.9,6.25,2.19,14.0,17.3
129,Kansas NCAA,35,27,8,0.771,18.02,7.9,,14.0,2.0,,18.0,0.0,,6,4,,76.4,65.4,,40.1,27.0,56.5,0.478,6.2,16.7,0.371,16.2,22.3,0.725,12.0,39.2,15.9,6.83,4.43,14.5,19.0
130,Kansas City,31,7,24,0.226,-10.11,-1.25,,3.0,15.0,,3.0,9.0,,3,14,,64.8,73.0,,40.2,22.6,56.2,0.403,5.65,18.7,0.302,13.8,19.5,0.709,11.4,32.5,11.0,6.71,1.77,13.1,20.4
131,Kansas State,34,22,12,0.647,12.18,5.24,,9.0,7.0,,16.0,3.0,,5,6,,75.2,66.6,,40.4,26.1,60.5,0.431,6.56,18.7,0.35,16.4,25.4,0.648,16.3,39.2,14.1,7.12,3.03,13.9,20.9
132,Kennesaw State,29,7,22,0.241,,,,3.0,17.0,,2.0,8.0,,1,11,,58.3,68.6,,,21.4,56.1,0.381,6.83,21.6,0.316,8.69,13.1,0.661,12.3,30.6,11.0,7.48,3.52,14.3,17.3
133,Kent State,34,19,15,0.559,0.66,-0.97,,10.0,6.0,,13.0,3.0,,5,9,,68.9,64.7,,40.9,25.2,57.4,0.439,5.79,17.3,0.334,12.7,19.6,0.65,12.0,35.4,12.8,8.06,2.68,13.0,20.1
134,Kentucky,36,22,14,0.611,12.69,4.82,,8.0,8.0,,13.0,6.0,,5,7,,74.1,66.3,,40.0,25.9,53.9,0.481,5.61,15.9,0.353,16.7,21.6,0.773,10.6,36.9,15.8,6.61,6.61,16.9,17.6
135,La Salle,31,18,13,0.581,3.45,1.12,,9.0,7.0,,11.0,6.0,,6,4,,71.2,68.9,,40.6,25.1,57.0,0.441,5.42,16.2,0.335,15.5,22.6,0.685,13.0,38.3,13.0,6.77,3.68,14.3,17.0
136,Lafayette,30,8,22,0.267,-14.08,-6.14,,4.0,10.0,,6.0,8.0,,2,14,,65.3,73.2,,40.2,21.8,54.3,0.402,7.73,24.6,0.315,13.9,18.6,0.749,10.4,32.7,13.2,6.3,2.4,16.8,19.6
137,Lamar,30,15,15,0.5,-5.0,-1.04,,6.0,10.0,,9.0,5.0,,5,9,,73.3,71.9,,40.3,25.3,58.0,0.437,5.37,17.2,0.311,17.2,23.6,0.73,12.0,36.8,14.3,7.17,4.13,13.7,19.4
138,Lehigh,29,15,14,0.517,-8.31,-8.28,,5.0,9.0,,8.0,6.0,,7,8,,63.9,63.0,,40.7,21.7,56.3,0.385,5.48,17.1,0.32,15.1,21.9,0.688,12.2,39.6,11.8,6.03,2.41,13.4,18.2
139,Liberty,35,23,12,0.657,-5.39,-5.49,,12.0,6.0,,15.0,3.0,,6,8,,75.5,71.2,,41.3,26.0,57.2,0.455,9.17,25.5,0.359,14.3,20.2,0.71,10.6,35.6,15.2,6.94,1.63,13.1,16.8
140,Lipscomb,31,17,14,0.548,-2.58,-3.49,,12.0,8.0,,12.0,4.0,,5,10,,76.4,69.7,,40.5,26.4,55.9,0.472,6.71,18.5,0.363,16.8,25.1,0.672,12.5,39.4,16.1,7.84,2.26,16.2,18.9
141,Little Rock,31,23,8,0.742,-0.66,-3.72,,15.0,3.0,,11.0,4.0,,11,3,,66.4,63.4,,40.5,22.9,51.3,0.447,5.13,14.4,0.357,15.4,23.0,0.669,10.8,34.8,13.0,5.52,3.48,15.0,19.6
142,Long Beach State,30,15,15,0.5,-1.57,-0.27,,10.0,6.0,,9.0,5.0,,6,9,,71.3,72.6,,41.5,25.2,55.7,0.452,6.77,20.5,0.33,14.2,21.0,0.676,10.6,33.6,14.4,7.1,2.6,14.3,18.7
143,Long Island University,30,16,14,0.533,-6.92,-8.63,,12.0,6.0,,12.0,3.0,,4,11,,70.6,68.6,,40.5,23.4,57.3,0.408,6.4,18.9,0.339,17.5,24.4,0.718,13.3,39.1,11.3,6.17,2.07,13.2,18.2
144,Longwood,31,17,14,0.548,-12.38,-6.51,,,,,13.0,2.0,,3,11,,77.4,75.8,,40.0,27.9,65.0,0.429,7.94,23.7,0.334,13.7,20.2,0.681,12.7,34.7,16.2,10.0,2.71,14.6,21.9
145,Louisiana,30,10,20,0.333,-6.3,-2.23,,7.0,11.0,,9.0,7.0,,1,13,,66.6,70.5,,40.7,23.6,56.7,0.416,6.83,21.3,0.321,12.7,18.7,0.676,11.6,32.9,9.73,6.0,4.37,14.0,20.0
146,Louisiana State NCAA,35,27,8,0.771,11.87,3.27,,13.0,3.0,,19.0,2.0,,6,3,,74.8,66.2,,40.3,26.8,59.8,0.448,6.09,16.3,0.372,15.1,21.1,0.716,13.6,39.0,15.1,7.63,6.06,12.1,17.4
147,Louisiana Tech,33,15,18,0.455,-2.38,-1.98,,6.0,10.0,,8.0,4.0,,5,12,,63.3,63.1,,40.2,21.8,50.1,0.436,5.52,14.9,0.371,14.1,21.3,0.662,11.4,33.5,10.5,5.48,3.27,15.3,17.7
148,Louisiana-Monroe,30,10,20,0.333,-11.75,-3.2,,6.0,12.0,,8.0,6.0,,2,14,,65.4,71.8,,40.2,21.9,54.3,0.404,5.97,17.5,0.34,15.5,21.8,0.714,11.7,34.1,10.2,6.03,2.87,15.3,19.5
149,Louisville NCAA,37,31,6,0.838,20.87,8.41,,16.0,2.0,,16.0,2.0,,8,1,,74.3,61.8,,40.1,27.1,59.2,0.457,8.24,22.4,0.369,11.9,18.6,0.642,12.5,37.7,16.9,9.05,6.03,13.7,16.9
150,Loyola (IL),32,14,18,0.438,-5.51,-0.67,,6.0,12.0,,8.0,8.0,,5,10,,63.3,67.3,,40.0,22.8,56.1,0.407,4.94,15.8,0.312,12.7,18.7,0.679,13.1,34.2,11.9,6.81,3.53,13.0,17.8
151,Loyola (MD),32,12,20,0.375,-5.65,-0.65,,7.0,11.0,,5.0,8.0,,6,10,,67.1,71.7,,40.2,22.5,57.6,0.39,5.84,18.5,0.315,16.3,21.0,0.776,13.1,34.9,11.5,6.69,3.34,13.5,21.2
152,Loyola Marymount,31,3,28,0.097,-14.79,1.8,,2.0,12.0,,3.0,10.0,,0,15,,55.7,71.4,,40.0,19.0,54.0,0.351,4.84,17.1,0.282,12.9,18.7,0.688,12.0,32.1,9.87,6.35,1.77,14.7,17.4
153,Maine,30,9,21,0.3,-11.33,-4.4,,4.0,12.0,,5.0,8.0,,3,11,,66.0,69.5,,40.7,23.0,54.2,0.424,6.2,18.5,0.336,13.9,20.6,0.674,11.5,34.6,12.8,7.2,3.17,14.6,17.2
154,Manhattan,30,16,14,0.533,-4.09,-3.4,,9.0,9.0,,9.0,5.0,,7,7,,64.4,64.2,,40.0,21.8,54.5,0.399,5.13,16.3,0.315,15.7,24.3,0.647,12.7,36.6,9.93,7.47,3.6,13.8,19.0
155,Marist,33,10,23,0.303,-7.24,-1.85,,4.0,14.0,,7.0,7.0,,2,14,,64.0,69.4,,40.6,22.4,55.3,0.405,7.3,20.3,0.36,11.9,18.8,0.633,9.64,35.3,10.8,5.7,2.67,15.5,20.4
156,Marquette NCAA,35,25,10,0.714,15.06,7.87,,12.0,6.0,,16.0,2.0,,7,4,,78.3,69.5,,40.1,26.1,57.8,0.452,6.94,20.0,0.347,19.1,26.2,0.728,12.1,35.6,15.0,7.86,2.86,11.7,17.8
157,Marshall,32,15,17,0.469,0.14,2.73,,7.0,9.0,,13.0,3.0,,2,9,,71.1,70.5,,40.3,24.2,54.8,0.442,6.09,19.2,0.317,16.6,23.2,0.715,11.7,32.6,13.1,6.22,2.13,13.1,19.2
158,Maryland NCAA,35,21,14,0.6,11.1,8.99,,7.0,9.0,,14.0,4.0,,2,6,,71.8,69.1,,40.4,26.4,62.3,0.424,5.74,17.3,0.333,13.2,17.5,0.758,13.3,36.4,14.6,7.66,4.14,12.2,16.6
159,Maryland-Baltimore County,32,15,17,0.469,-8.74,-4.16,,7.0,9.0,,8.0,5.0,,5,12,,65.7,69.0,,40.6,24.5,56.1,0.436,3.63,11.5,0.315,13.1,18.6,0.706,9.94,32.7,13.1,5.13,2.47,9.81,16.6
160,Maryland-Eastern Shore,30,7,23,0.233,-22.6,-8.8,,3.0,13.0,,5.0,6.0,,2,16,,58.6,69.6,,40.0,19.6,52.6,0.372,5.07,16.3,0.31,14.3,23.1,0.618,14.9,35.9,9.67,5.0,1.6,16.4,19.7
161,Massachusetts,30,12,18,0.4,0.64,3.54,,7.0,9.0,,6.0,7.0,,3,10,,71.5,73.7,,40.3,25.5,58.9,0.432,8.73,24.0,0.363,11.9,17.0,0.697,10.6,34.6,14.3,6.67,5.53,14.1,17.0
162,McNeese State,29,11,18,0.379,-5.47,-3.99,,5.0,11.0,,9.0,5.0,,2,13,,63.9,64.3,,40.2,23.9,55.5,0.43,4.9,15.2,0.323,11.3,17.4,0.646,12.5,39.0,12.3,5.59,5.86,15.8,16.6
163,Memphis NCAA,37,33,4,0.892,20.92,4.63,,16.0,0.0,,19.0,1.0,,10,1,,75.1,58.8,,40.1,26.5,58.8,0.45,6.0,18.4,0.326,16.2,23.5,0.69,13.5,39.2,14.2,8.86,6.0,12.5,17.7
164,Mercer,32,17,15,0.531,-7.1,0.12,,11.0,9.0,,8.0,4.0,,7,11,,74.8,75.9,,,25.5,59.2,0.431,7.25,21.9,0.331,16.5,22.9,0.719,13.8,39.3,12.2,5.81,3.28,15.8,19.3
165,Miami (FL),32,19,13,0.594,11.76,9.04,,7.0,9.0,,12.0,4.0,,5,7,,72.7,66.3,,40.5,24.9,58.3,0.427,7.84,21.3,0.368,15.1,22.1,0.683,14.5,39.8,12.7,6.06,3.81,13.3,16.8
166,Miami (OH),30,17,13,0.567,3.16,0.46,,10.0,6.0,,9.0,2.0,,7,10,,61.6,58.9,,40.5,21.9,50.4,0.435,5.33,16.1,0.332,12.4,17.4,0.709,9.7,31.9,12.3,5.93,3.0,13.5,17.1
167,Michigan NCAA,35,21,14,0.6,11.9,9.74,,9.0,9.0,,14.0,3.0,,3,8,,66.9,63.2,,40.6,23.2,54.6,0.425,8.71,26.1,0.334,11.8,15.5,0.757,9.6,31.1,15.5,6.37,2.63,11.5,15.3
168,Michigan State NCAA,38,31,7,0.816,17.71,9.37,,15.0,3.0,,12.0,2.0,,9,1,,72.0,63.7,,40.0,25.3,56.2,0.451,5.29,14.9,0.354,16.1,23.1,0.698,14.0,39.0,16.1,6.53,2.82,14.0,19.3
169,Middle Tennessee,32,18,14,0.563,-1.32,-2.78,,10.0,8.0,,10.0,6.0,,6,7,,70.4,66.1,,40.2,25.3,56.2,0.451,4.81,15.2,0.318,14.9,21.5,0.694,12.0,34.1,12.3,6.0,1.47,11.8,20.4
170,Milwaukee,31,17,14,0.548,-0.54,0.8,,11.0,7.0,,12.0,3.0,,3,10,,68.0,68.0,,40.2,22.8,57.3,0.397,7.94,23.4,0.34,14.5,20.2,0.719,12.3,38.1,11.5,5.13,3.16,12.9,18.7
171,Minnesota NCAA,33,22,11,0.667,11.32,7.19,,9.0,9.0,,16.0,3.0,,4,6,,66.3,61.6,,40.2,23.7,53.7,0.441,5.7,17.4,0.327,13.2,18.5,0.715,12.0,34.4,14.1,8.3,6.09,14.5,17.8
172,Mississippi,31,16,15,0.516,5.82,5.41,,7.0,9.0,,12.0,4.0,,3,8,,72.7,72.3,,,25.5,59.0,0.433,6.94,20.4,0.34,14.7,20.2,0.728,12.9,37.1,11.7,5.58,3.32,13.2,18.7
173,Mississippi State NCAA,36,23,13,0.639,9.1,4.62,,9.0,7.0,,13.0,5.0,,6,5,,74.4,68.9,,40.7,24.7,57.2,0.432,8.22,22.8,0.361,16.7,23.5,0.71,11.3,38.4,12.4,6.94,7.53,14.4,16.8
174,Mississippi Valley State,32,7,25,0.219,-18.44,-7.22,,7.0,11.0,,7.0,3.0,,0,19,,63.4,74.6,,40.0,22.2,57.8,0.384,6.16,19.0,0.323,12.9,19.0,0.679,12.8,33.6,11.2,7.47,1.63,15.4,22.4
175,Missouri NCAA,38,31,7,0.816,19.56,6.72,,12.0,4.0,,18.0,0.0,,5,4,,81.5,67.7,,40.0,29.6,62.7,0.472,6.92,19.6,0.353,15.4,22.9,0.672,12.8,36.7,18.4,10.2,3.68,11.8,19.9
176,Missouri State,31,11,20,0.355,-1.9,1.9,,3.0,15.0,,9.0,8.0,,2,11,,60.9,64.0,,40.3,20.7,51.5,0.401,6.23,19.6,0.318,13.3,19.6,0.679,11.0,32.5,11.4,5.23,2.23,13.1,19.9
177,Monmouth,31,8,23,0.258,-14.84,-5.91,,6.0,12.0,,6.0,8.0,,1,14,,62.1,70.6,,40.0,21.7,53.0,0.41,6.32,18.9,0.335,12.4,17.6,0.7,10.5,32.4,14.0,5.58,2.71,15.0,18.5
178,Montana,29,17,12,0.586,-2.92,-3.53,,11.0,5.0,,12.0,3.0,,5,9,,65.7,64.4,,40.0,22.9,50.2,0.456,6.0,15.9,0.378,13.9,19.1,0.729,8.55,31.5,12.3,4.28,3.97,11.6,18.1
179,Montana State,31,14,17,0.452,-6.38,-2.45,,6.0,10.0,,7.0,5.0,,7,11,,66.2,69.4,,,22.8,54.9,0.415,6.1,19.0,0.32,14.5,21.6,0.672,12.5,34.9,11.3,5.32,3.29,13.8,18.0
180,Morehead State NCAA,36,20,16,0.556,-3.14,-3.61,,12.0,6.0,,12.0,1.0,,4,12,,69.8,67.0,,40.3,24.0,54.9,0.437,5.22,15.7,0.333,16.5,22.9,0.721,13.8,38.9,12.9,6.64,3.86,15.5,18.3
181,Morgan State NCAA,35,23,12,0.657,-2.29,-6.53,,13.0,3.0,,8.0,2.0,,10,7,,66.7,62.3,,40.0,24.5,58.5,0.419,5.17,15.3,0.337,12.5,19.3,0.649,14.5,38.0,11.2,6.63,3.14,13.0,19.2
182,Mount St. Mary's,33,19,14,0.576,-1.47,-5.78,,12.0,6.0,,12.0,2.0,,7,12,,67.9,63.0,,40.2,25.1,55.7,0.451,4.79,14.4,0.333,12.9,19.1,0.674,12.0,34.7,12.5,6.76,3.64,13.1,17.3
183,Murray State,31,19,12,0.613,-0.09,-3.95,,13.0,5.0,,12.0,2.0,,6,6,,68.4,63.2,,40.2,23.8,53.9,0.442,5.0,16.0,0.313,15.7,21.9,0.715,12.4,34.3,12.8,7.19,2.1,13.1,18.2
184,Navy,30,19,11,0.633,-5.35,-7.68,,8.0,6.0,,12.0,3.0,,7,7,,71.0,68.6,,,23.9,58.0,0.412,7.2,21.9,0.329,16.0,22.1,0.724,10.3,37.1,12.6,6.63,2.5,14.0,20.7
185,NC State,30,16,14,0.533,8.38,6.74,,6.0,10.0,,14.0,4.0,,2,8,,73.0,69.6,,40.5,25.8,54.2,0.475,6.73,17.9,0.375,14.7,20.5,0.717,11.3,35.8,15.3,5.6,3.8,14.5,16.0
186,Nebraska,31,18,13,0.581,8.92,4.82,,8.0,8.0,,14.0,4.0,,4,8,,64.5,60.4,,40.2,22.1,50.7,0.437,6.65,18.4,0.361,13.6,19.4,0.702,7.26,27.8,13.2,8.55,1.68,11.5,17.8
187,Nevada,34,21,13,0.618,4.28,1.4,,11.0,5.0,,13.0,8.0,,8,5,,70.6,66.1,,40.1,24.3,56.9,0.427,4.85,15.9,0.306,17.1,23.0,0.746,12.0,36.5,12.0,6.68,4.79,11.9,19.3
188,Nevada-Las Vegas,32,21,11,0.656,8.68,4.34,,9.0,7.0,,15.0,4.0,,6,7,,68.8,64.4,,40.3,23.4,55.3,0.423,7.63,22.1,0.345,14.3,21.0,0.683,10.2,33.0,13.7,7.16,3.84,11.8,17.1
189,New Hampshire,30,14,16,0.467,-9.4,-5.57,,8.0,8.0,,8.0,5.0,,5,10,,62.5,64.5,,40.7,21.6,55.9,0.386,8.0,24.8,0.323,11.4,17.8,0.64,12.5,36.0,10.8,5.47,2.8,13.3,20.6
190,New Mexico,34,22,12,0.647,11.37,3.6,,12.0,4.0,,16.0,2.0,,6,7,,73.8,66.1,,40.4,24.7,53.6,0.461,7.03,18.4,0.381,17.3,24.7,0.702,10.0,34.5,15.4,6.41,3.24,12.5,20.8
191,New Mexico State,32,17,15,0.531,2.25,0.28,,9.0,7.0,,12.0,4.0,,4,10,,76.3,74.4,,40.3,27.0,58.1,0.465,6.94,17.3,0.4,15.3,21.9,0.701,11.0,34.6,14.3,7.22,3.81,13.4,18.5
192,New Orleans,30,11,19,0.367,-9.79,-4.08,,6.0,12.0,,9.0,6.0,,2,13,,62.1,66.7,,40.0,22.4,51.3,0.436,3.5,12.0,0.291,13.8,20.9,0.659,9.6,31.7,9.73,6.23,1.77,15.0,18.0
193,Niagara,35,26,9,0.743,6.21,-2.25,,14.0,4.0,,11.0,3.0,,10,6,,76.1,67.7,,40.3,25.4,61.2,0.415,7.43,24.0,0.309,17.9,25.2,0.71,15.3,38.9,14.1,9.89,4.71,13.2,18.3
194,Nicholls State,31,20,11,0.645,-3.08,-4.08,,12.0,4.0,,11.0,3.0,,7,6,,65.5,60.2,,40.3,22.9,48.0,0.476,6.81,19.0,0.359,12.9,19.0,0.678,8.32,28.9,14.8,8.74,1.39,14.3,20.4
195,NJIT,31,1,30,0.032,,,,,,,0.0,11.0,,0,12,,49.8,67.2,,,17.7,51.7,0.342,4.48,18.1,0.248,10.0,15.8,0.631,10.9,33.5,8.87,7.26,3.0,18.3,20.5
196,Norfolk State,31,13,18,0.419,-13.31,-9.49,,9.0,7.0,,6.0,4.0,,5,10,,68.4,71.6,,,24.6,57.0,0.432,5.16,15.5,0.333,13.9,21.4,0.65,12.8,34.5,10.3,8.68,3.58,16.1,20.3
197,North Carolina NCAA,38,34,4,0.895,25.46,8.35,,13.0,3.0,,14.0,1.0,,8,2,,89.8,72.0,,40.1,31.7,66.0,0.48,6.95,17.9,0.387,19.4,25.9,0.752,14.6,41.9,18.0,8.55,5.16,12.4,16.0
198,North Carolina A&T,32,16,16,0.5,-13.0,-8.37,,9.0,7.0,,10.0,2.0,,4,13,,67.0,66.8,,40.3,24.4,57.6,0.425,6.53,19.7,0.332,11.6,18.3,0.634,12.9,37.6,12.1,8.0,4.88,18.1,18.3
199,North Carolina Central,31,4,27,0.129,,,,,,,2.0,5.0,,0,16,,60.9,79.6,,,21.4,57.4,0.373,5.52,18.4,0.301,12.5,18.3,0.686,11.1,30.8,11.7,8.84,3.0,17.5,20.2
200,North Dakota State NCAA,33,26,7,0.788,6.18,-2.72,,16.0,2.0,,12.0,1.0,,10,4,,80.6,69.1,,40.8,28.6,58.7,0.487,7.21,17.5,0.412,16.2,21.9,0.739,11.0,35.5,14.7,6.97,3.27,11.2,16.3
201,North Florida,30,8,22,0.267,,,,6.0,14.0,,2.0,6.0,,2,11,,56.6,69.8,,,21.0,51.9,0.404,4.47,13.5,0.331,10.2,17.2,0.592,9.9,31.1,10.9,6.4,2.5,15.3,19.8
202,North Texas,32,20,12,0.625,-1.14,-2.77,,11.0,7.0,,12.0,4.0,,7,6,,77.3,74.7,,40.8,25.2,57.8,0.436,6.63,18.5,0.358,20.3,27.7,0.732,12.7,37.3,12.2,5.19,2.78,12.9,21.1
203,Northeastern,32,19,13,0.594,1.91,-0.24,,12.0,6.0,,7.0,5.0,,11,7,,62.5,60.4,,40.5,21.4,49.4,0.434,5.78,17.0,0.34,13.9,19.0,0.732,10.1,30.9,11.6,7.38,2.72,12.6,17.3
204,Northern Arizona,27,8,19,0.296,-6.14,-1.7,,5.0,11.0,,7.0,5.0,,1,14,,66.5,67.7,,40.7,25.1,52.2,0.481,6.11,17.3,0.354,10.1,16.4,0.617,9.63,31.3,15.3,7.37,2.41,14.8,17.3
205,Northern Colorado,32,14,18,0.438,-4.57,-3.64,,8.0,8.0,,10.0,4.0,,3,13,,70.6,70.8,,40.5,23.5,51.2,0.458,7.06,17.6,0.401,16.6,22.9,0.723,9.66,32.3,12.4,6.84,1.66,15.4,19.6
206,Northern Illinois,30,10,20,0.333,-10.0,-5.13,,5.0,11.0,,7.0,5.0,,2,11,,66.2,70.8,,40.3,23.5,55.6,0.422,6.17,17.8,0.347,13.1,22.1,0.592,12.8,35.3,12.4,7.97,3.13,16.0,20.3
207,Northern Iowa NCAA,34,23,11,0.676,5.63,2.24,,14.0,4.0,,11.0,4.0,,8,4,,67.4,63.5,,40.9,22.5,49.8,0.453,6.38,18.5,0.346,15.9,21.1,0.753,8.74,33.5,12.3,4.29,2.44,11.7,18.2
208,Northwestern,31,17,14,0.548,8.56,6.93,,8.0,10.0,,13.0,4.0,,4,9,,63.5,60.5,,,22.5,50.6,0.445,8.23,21.3,0.386,10.3,14.9,0.69,8.58,28.3,15.2,7.26,2.87,11.2,17.9
209,Northwestern State,31,11,20,0.355,-18.7,-3.34,,3.0,13.0,,6.0,7.0,,3,12,,70.6,79.8,,40.2,25.2,62.4,0.403,5.29,18.1,0.292,15.0,23.0,0.651,15.8,41.0,13.6,8.68,5.42,19.3,22.6
210,Notre Dame,36,21,15,0.583,12.26,8.7,,8.0,10.0,,15.0,3.0,,3,8,,75.8,70.7,,40.1,27.4,63.4,0.433,8.86,22.3,0.398,12.0,16.9,0.709,12.2,39.0,16.7,5.33,2.64,9.53,15.1
211,Oakland,36,23,13,0.639,1.8,-1.6,,13.0,5.0,,12.0,0.0,,7,10,,75.0,70.7,,40.6,26.7,55.8,0.479,7.42,20.0,0.371,14.1,20.2,0.698,11.3,34.0,15.1,6.03,4.64,12.7,16.7
212,Ohio,32,15,17,0.469,-1.56,-1.4,,7.0,9.0,,11.0,2.0,,2,13,,64.8,65.0,,40.2,22.2,51.1,0.434,6.5,17.9,0.363,14.0,20.0,0.703,9.28,30.9,13.6,6.94,1.84,14.3,20.2
213,Ohio State NCAA,33,22,11,0.667,12.48,8.23,,10.0,8.0,,15.0,3.0,,4,6,,66.8,62.0,,40.5,23.6,49.0,0.481,6.55,17.5,0.375,13.2,18.8,0.701,8.06,31.0,13.3,5.88,5.3,13.3,15.2
214,Oklahoma NCAA,36,30,6,0.833,18.07,6.88,,13.0,3.0,,16.0,1.0,,7,3,,78.7,67.5,,40.1,27.3,55.5,0.492,6.72,19.1,0.351,17.4,25.8,0.675,12.1,38.9,14.5,6.92,4.33,13.9,17.1
215,Oklahoma State NCAA,35,23,12,0.657,13.78,7.44,,9.0,7.0,,14.0,2.0,,4,6,,80.9,74.5,,40.3,27.1,58.8,0.46,9.34,24.3,0.384,17.3,23.2,0.748,9.89,34.9,12.7,7.6,2.34,12.3,21.3
216,Old Dominion,35,25,10,0.714,2.86,-2.23,,12.0,6.0,,16.0,3.0,,8,7,,66.7,60.3,,40.4,25.1,56.5,0.443,4.8,14.7,0.326,11.7,18.4,0.639,14.2,38.1,15.5,7.2,3.49,12.3,14.7
217,Oral Roberts,31,16,15,0.516,3.68,-0.05,,14.0,4.0,,9.0,2.0,,6,10,,70.8,66.4,,40.5,25.0,56.5,0.443,5.39,17.3,0.312,15.3,23.0,0.667,12.5,36.2,12.8,7.1,3.03,14.2,19.3
218,Oregon,31,8,23,0.258,1.51,10.28,,2.0,16.0,,6.0,9.0,,1,10,,67.4,76.1,,40.3,22.6,56.5,0.401,7.65,21.4,0.358,14.4,21.4,0.673,12.1,31.4,12.0,7.84,3.1,14.8,20.7
219,Oregon State,36,18,18,0.5,4.25,7.55,,7.0,11.0,,13.0,7.0,,5,10,,60.8,63.3,,40.7,22.4,47.9,0.467,6.17,17.3,0.356,9.92,15.4,0.646,8.14,28.8,12.9,6.72,1.89,13.3,15.5
220,Pacific,34,21,13,0.618,2.22,-1.59,,10.0,6.0,,12.0,4.0,,7,8,,66.3,62.4,,40.7,23.4,50.4,0.464,7.15,18.6,0.385,12.4,18.3,0.679,10.1,32.1,13.7,6.21,2.0,12.1,17.3
221,Penn State,38,27,11,0.711,9.49,5.71,,10.0,8.0,,17.0,3.0,,6,6,,67.0,62.6,,40.4,23.8,53.7,0.443,7.42,20.5,0.362,12.0,18.2,0.658,10.7,33.9,13.0,5.05,1.68,10.8,14.5
222,Pennsylvania,28,10,18,0.357,-7.78,-3.33,,6.0,8.0,,3.0,11.0,,6,7,,65.5,69.1,,40.2,22.6,54.3,0.416,5.93,18.9,0.314,14.4,21.1,0.682,10.1,33.3,14.4,6.86,3.04,14.2,21.5
223,Pepperdine,32,9,23,0.281,-11.23,1.88,,5.0,9.0,,5.0,10.0,,2,11,,61.7,73.2,,40.3,22.4,58.0,0.386,5.34,17.0,0.315,11.5,16.4,0.704,12.6,35.7,10.7,6.72,3.16,15.9,17.9
224,Pittsburgh NCAA,36,31,5,0.861,21.21,8.61,,15.0,3.0,,19.0,0.0,,7,2,,77.4,64.4,,40.0,28.9,60.4,0.478,6.25,17.8,0.352,13.4,19.8,0.676,14.8,39.8,17.6,6.83,3.86,12.1,16.3
225,Portland,32,19,13,0.594,2.89,-0.05,,9.0,5.0,,12.0,2.0,,5,10,,70.3,67.3,,40.5,25.1,54.0,0.465,8.0,19.2,0.418,12.1,18.1,0.668,10.7,33.5,15.4,5.59,2.22,14.2,20.4
226,Portland State NCAA,33,23,10,0.697,1.14,-3.16,,11.0,5.0,,13.0,1.0,,7,7,,73.2,68.5,,40.9,26.1,57.5,0.453,9.61,25.3,0.38,11.5,16.9,0.679,11.8,33.8,15.2,7.42,2.82,13.7,16.8
227,Prairie View,33,17,16,0.515,-12.47,-9.81,,12.0,6.0,,11.0,2.0,,5,12,,70.2,67.7,,40.3,25.2,58.5,0.431,5.82,17.9,0.325,14.0,22.2,0.632,14.8,37.5,12.8,7.55,2.42,14.5,18.7
228,Presbyterian,29,12,17,0.414,,,,0.0,0.0,,9.0,2.0,,3,14,,59.6,64.4,,,21.0,49.5,0.424,5.69,18.1,0.314,12.0,17.8,0.673,9.45,32.7,10.5,7.0,3.0,16.7,17.7
229,Princeton,27,13,14,0.481,-7.82,-7.66,,8.0,6.0,,8.0,6.0,,5,8,,57.8,57.2,,40.4,20.3,47.3,0.429,6.85,18.4,0.373,10.4,13.8,0.753,7.63,30.4,11.2,5.78,2.93,13.1,19.3
230,Providence,33,19,14,0.576,7.82,7.23,,10.0,8.0,,13.0,5.0,,4,6,,78.1,76.7,,40.2,27.4,61.0,0.449,6.88,21.5,0.321,16.4,24.1,0.679,13.7,37.5,14.8,7.91,3.61,14.5,16.5
231,Purdue NCAA,37,27,10,0.73,16.44,7.17,,11.0,7.0,,15.0,3.0,,5,5,,69.1,59.8,,40.4,24.7,56.0,0.441,6.59,19.0,0.347,13.1,18.6,0.703,9.81,34.4,14.9,7.16,4.76,11.5,17.6
232,Purdue Fort Wayne,30,13,17,0.433,-5.42,-0.64,,8.0,10.0,,8.0,5.0,,5,11,,65.7,68.5,,40.2,22.7,52.2,0.435,6.5,15.9,0.409,13.8,18.8,0.734,8.63,30.3,10.9,4.87,3.2,12.9,18.5
233,Quinnipiac,31,15,16,0.484,-9.16,-8.57,,10.0,8.0,,6.0,7.0,,9,7,,66.4,67.4,,40.3,24.5,56.7,0.431,4.48,14.1,0.317,13.0,20.9,0.621,15.1,38.1,12.2,6.61,2.48,14.5,18.4
234,Radford NCAA,33,21,12,0.636,-4.55,-4.37,,15.0,3.0,,12.0,5.0,,9,6,,75.5,71.9,,40.8,26.8,58.1,0.461,4.94,14.0,0.352,17.0,25.0,0.679,12.7,41.6,14.1,6.82,4.67,16.3,18.4
235,Rhode Island,34,23,11,0.676,7.89,1.21,,11.0,5.0,,12.0,2.0,,10,7,,79.3,72.6,,41.0,29.2,60.9,0.48,6.32,16.1,0.392,14.5,20.8,0.697,13.0,36.3,16.0,7.56,3.53,13.4,17.6
236,Rice,32,10,22,0.313,-5.05,3.18,,4.0,12.0,,5.0,10.0,,2,11,,63.8,71.0,,40.2,22.4,52.8,0.424,6.81,17.8,0.382,12.1,17.6,0.689,9.13,31.9,13.8,4.78,2.19,13.3,18.4
237,Richmond,36,20,16,0.556,2.61,1.08,,9.0,7.0,,11.0,7.0,,7,7,,69.9,67.5,,40.4,25.3,55.5,0.456,6.83,19.9,0.343,12.4,18.4,0.677,9.61,31.1,12.1,7.28,3.44,12.0,19.6
238,Rider,32,19,13,0.594,-2.63,-2.98,,12.0,6.0,,11.0,4.0,,7,8,,72.0,71.0,,40.3,25.9,58.6,0.443,7.03,19.9,0.353,13.1,19.4,0.674,11.7,36.2,13.0,7.19,3.63,13.9,18.9
239,Robert Morris NCAA,35,24,11,0.686,-0.7,-5.23,,15.0,3.0,,14.0,3.0,,9,7,,70.5,65.4,,40.1,25.1,53.1,0.473,6.46,16.4,0.394,13.7,19.5,0.704,10.1,33.2,15.3,8.6,3.46,15.1,19.8
240,Rutgers,32,11,21,0.344,1.07,6.6,,2.0,16.0,,8.0,10.0,,3,10,,63.2,66.6,,40.2,22.7,54.6,0.415,5.22,17.7,0.296,12.6,17.6,0.719,11.9,36.8,11.1,5.97,5.91,15.5,17.6
241,Sacramento State,29,2,27,0.069,-17.77,-2.29,,1.0,15.0,,2.0,11.0,,0,16,,57.0,72.4,,40.0,19.8,49.4,0.401,5.28,14.6,0.361,12.1,17.5,0.692,8.55,28.6,10.3,4.45,1.59,14.5,18.0
242,Sacred Heart,31,17,14,0.548,-4.4,-6.85,,12.0,6.0,,10.0,4.0,,7,10,,73.5,69.9,,40.3,27.6,57.2,0.484,7.77,19.7,0.394,10.4,14.8,0.7,10.5,33.5,16.8,7.74,3.81,15.9,17.6
243,Saint Francis (PA),29,6,23,0.207,-15.7,-6.24,,3.0,15.0,,4.0,8.0,,2,15,,61.1,70.4,,40.2,21.3,50.0,0.426,5.76,17.7,0.325,12.7,17.3,0.732,9.62,31.0,13.5,6.1,1.93,16.0,19.5
244,Saint Joseph's,32,17,15,0.531,4.21,2.21,,9.0,7.0,,7.0,6.0,,8,6,,68.3,66.3,,40.8,23.7,53.8,0.44,5.06,15.2,0.334,15.9,21.6,0.734,10.3,34.5,14.8,6.47,3.72,13.4,16.8
245,Saint Louis,32,18,14,0.563,1.02,0.99,,8.0,8.0,,14.0,3.0,,2,9,,61.8,60.8,,40.9,21.5,50.2,0.429,5.34,15.7,0.34,13.4,19.3,0.694,9.78,32.4,11.8,4.81,2.5,12.6,16.4
246,Saint Mary's (CA),35,28,7,0.8,9.52,1.49,,10.0,4.0,,15.0,1.0,,8,4,,73.4,64.1,,40.0,25.7,57.9,0.443,6.6,19.9,0.332,15.5,22.3,0.694,14.1,39.7,13.5,7.29,4.91,12.5,16.1
247,Saint Peter's,30,11,19,0.367,-8.39,-3.43,,8.0,10.0,,7.0,7.0,,4,11,,59.3,63.7,,40.0,20.6,52.0,0.396,4.9,14.3,0.343,13.2,20.0,0.663,12.1,32.9,9.9,8.07,4.13,15.3,19.8
248,Sam Houston,30,18,12,0.6,-0.39,-2.59,,12.0,4.0,,11.0,4.0,,7,7,,76.0,69.3,,40.7,25.6,57.5,0.445,8.1,22.0,0.369,16.7,23.8,0.701,13.4,37.9,18.2,8.1,2.47,15.0,21.7
249,Samford,32,16,16,0.5,-8.28,-6.38,,9.0,11.0,,10.0,4.0,,4,12,,61.6,62.2,,40.0,21.3,45.6,0.466,8.25,22.8,0.361,10.9,16.0,0.681,6.16,26.4,13.7,6.53,1.25,13.0,14.8
250,San Diego,32,16,16,0.5,-0.37,1.57,,6.0,8.0,,9.0,6.0,,4,7,,61.7,61.0,,40.3,22.5,51.5,0.437,4.91,14.2,0.347,11.8,16.8,0.704,9.06,30.4,11.5,5.81,3.53,13.3,18.3
251,San Diego State,36,26,10,0.722,11.54,4.74,,11.0,5.0,,16.0,2.0,,6,5,,67.1,59.6,,40.3,24.1,54.3,0.444,5.89,16.9,0.349,13.0,18.4,0.705,12.1,33.9,13.0,7.97,2.5,12.8,16.7
252,San Francisco,30,11,19,0.367,-5.91,0.3,,3.0,11.0,,7.0,5.0,,3,13,,67.7,70.4,,40.5,23.1,53.3,0.433,6.9,19.3,0.358,14.6,21.1,0.694,10.0,32.0,12.5,5.33,2.13,13.2,18.9
253,San Jose State,30,13,17,0.433,-2.64,0.44,,6.0,10.0,,7.0,7.0,,5,10,,67.5,68.0,,40.2,25.0,55.9,0.447,4.07,13.8,0.295,13.5,19.9,0.677,12.6,36.1,12.7,5.77,3.0,14.7,16.1
254,Santa Clara,33,16,17,0.485,-0.55,0.41,,7.0,7.0,,11.0,3.0,,4,10,,65.6,64.2,,40.6,23.4,50.5,0.463,5.7,16.4,0.348,13.2,18.6,0.708,9.82,35.2,12.8,5.67,4.73,16.6,17.7
255,Savannah State,29,15,14,0.517,-12.95,-1.16,,,,,13.0,3.0,,2,11,,59.8,62.2,,40.3,21.6,52.3,0.412,4.17,13.4,0.312,12.4,18.0,0.69,11.2,33.4,12.0,8.72,2.24,17.1,19.2
256,Seton Hall,32,17,15,0.531,7.53,6.47,,7.0,11.0,,10.0,6.0,,4,7,,74.3,72.8,,40.5,26.7,60.7,0.439,6.28,19.0,0.331,14.7,20.4,0.718,11.8,33.8,13.0,8.63,3.44,12.3,20.0
257,Siena NCAA,35,27,8,0.771,8.05,0.99,,16.0,2.0,,17.0,0.0,,9,4,,77.4,70.3,,40.4,28.8,61.6,0.467,5.26,15.9,0.33,14.6,22.0,0.664,12.5,36.4,15.3,8.83,4.54,13.2,14.9
258,South Alabama,33,20,13,0.606,-2.62,-3.75,,10.0,8.0,,11.0,5.0,,6,7,,69.7,66.8,,40.2,25.2,53.6,0.47,4.52,12.2,0.37,14.8,22.3,0.665,12.2,37.8,13.5,4.58,5.24,13.6,17.2
259,South Carolina,31,21,10,0.677,8.78,4.2,,10.0,6.0,,16.0,3.0,,5,6,,78.2,71.3,,40.3,28.7,64.1,0.449,6.94,18.7,0.371,13.8,21.6,0.639,13.2,35.9,11.0,9.16,5.0,13.6,18.8
260,South Carolina State,31,17,14,0.548,-10.31,-9.47,,10.0,6.0,,10.0,4.0,,5,8,,69.9,67.5,,40.2,25.5,55.8,0.458,4.58,14.8,0.309,14.2,21.1,0.672,13.0,39.7,13.9,6.39,3.42,17.9,16.8
261,South Carolina Upstate,30,9,21,0.3,,,,8.0,12.0,,4.0,4.0,,1,13,,60.4,68.5,,,21.7,53.5,0.405,5.43,17.2,0.316,11.6,17.6,0.661,11.2,34.3,12.6,6.1,4.2,15.7,16.7
262,South Dakota State,33,13,20,0.394,-5.83,-1.45,,7.0,11.0,,10.0,3.0,,1,15,,69.1,71.1,,40.6,24.5,55.7,0.441,6.61,19.3,0.343,13.4,19.1,0.7,11.7,34.2,11.8,4.58,1.52,12.9,18.2
263,South Florida,31,9,22,0.29,2.63,8.18,,4.0,14.0,,7.0,7.0,,1,12,,59.0,64.6,,40.2,21.4,53.5,0.399,5.06,17.0,0.297,11.2,18.7,0.598,12.4,35.4,12.4,5.23,2.71,12.5,17.8
264,Southeast Missouri State,30,3,27,0.1,-18.72,-3.75,,0.0,18.0,,2.0,11.0,,0,15,,67.8,80.5,,40.0,24.2,56.3,0.43,5.0,15.4,0.324,14.4,20.7,0.697,10.3,33.7,11.3,5.53,3.37,15.3,17.0
265,Southeastern Louisiana,30,13,17,0.433,-6.22,-2.89,,7.0,9.0,,9.0,4.0,,4,12,,70.9,66.9,,40.2,26.6,56.9,0.467,6.0,17.5,0.344,11.8,18.4,0.641,11.3,36.2,14.9,6.67,4.33,14.3,19.5
266,Southern,31,8,23,0.258,-17.64,-11.5,,8.0,10.0,,6.0,7.0,,2,13,,63.1,70.1,,,22.2,54.6,0.406,5.23,16.2,0.323,13.5,20.6,0.655,13.1,37.1,10.6,5.65,2.45,17.0,16.6
267,Southern California NCAA,35,22,13,0.629,14.09,9.15,,9.0,9.0,,15.0,2.0,,2,8,,68.5,63.5,,40.3,24.9,52.7,0.473,3.69,11.3,0.326,15.0,22.2,0.674,11.7,35.6,12.5,6.4,4.71,13.9,16.7
268,Southern Illinois,31,13,18,0.419,0.35,3.19,,8.0,10.0,,8.0,6.0,,5,8,,63.4,65.7,,40.3,21.5,51.5,0.419,6.19,16.5,0.376,14.1,19.6,0.722,10.5,32.0,12.9,6.26,2.35,14.9,21.3
269,SIU Edwardsville,30,10,20,0.333,,,,,,,,,,2,11,,70.5,76.4,,,25.7,58.2,0.442,6.93,19.7,0.352,12.2,17.8,0.684,3.63,32.5,13.5,7.33,3.37,8.6,19.5
270,Southern Methodist,30,9,21,0.3,-3.27,3.62,,3.0,13.0,,9.0,8.0,,0,12,,64.6,68.2,,40.2,23.7,54.3,0.436,6.07,16.9,0.359,11.2,17.4,0.643,11.9,35.2,11.1,6.0,3.6,14.9,17.8
271,Southern Mississippi,32,15,17,0.469,1.54,3.81,,4.0,12.0,,11.0,6.0,,1,8,,66.8,66.7,,40.5,23.8,55.0,0.433,3.41,11.2,0.304,15.7,21.5,0.727,10.6,34.0,10.5,4.63,1.88,10.0,18.6
272,Southern Utah,31,11,20,0.355,-5.44,-2.12,,8.0,10.0,,8.0,6.0,,2,13,,65.1,68.2,,40.2,22.5,48.7,0.462,4.48,12.1,0.371,15.6,19.6,0.796,9.19,30.2,13.6,5.94,1.03,15.0,18.8
273,St. Bonaventure,30,15,15,0.5,-2.57,-1.12,,6.0,10.0,,8.0,6.0,,7,7,,70.1,71.2,,40.5,25.8,57.0,0.452,4.5,14.3,0.315,14.1,21.1,0.668,12.1,38.7,14.7,6.37,4.8,17.0,21.1
274,St. Francis (NY),30,10,20,0.333,-12.66,-6.66,,7.0,11.0,,6.0,6.0,,4,14,,65.7,70.9,,40.3,22.6,54.3,0.415,8.77,24.1,0.364,11.8,18.3,0.644,10.2,32.6,12.5,5.87,4.27,15.8,20.9
275,St. John's (NY),34,16,18,0.471,4.28,6.83,,6.0,12.0,,13.0,8.0,,1,10,,65.9,67.6,,40.1,24.1,56.6,0.426,4.12,13.8,0.299,13.6,21.0,0.649,13.9,37.0,12.0,7.24,3.62,14.8,18.3
276,Stanford,34,20,14,0.588,10.58,6.91,,6.0,12.0,,15.0,4.0,,4,9,,73.2,68.6,,40.1,26.2,56.9,0.46,7.32,19.1,0.384,13.4,19.1,0.705,10.8,32.1,15.0,6.68,2.32,12.6,16.6
277,Stephen F. Austin NCAA,32,24,8,0.75,1.1,-3.21,,13.0,3.0,,13.0,0.0,,6,7,,65.6,56.1,,40.5,24.6,56.1,0.438,5.53,17.5,0.316,10.9,16.8,0.649,9.72,35.2,13.2,6.25,3.13,12.0,18.2
278,Stetson,30,13,17,0.433,-6.88,1.17,,9.0,11.0,,10.0,4.0,,3,12,,66.3,68.6,,40.7,23.4,60.9,0.384,7.9,25.4,0.311,11.7,18.3,0.638,13.6,37.5,10.3,7.17,3.47,14.4,18.9
279,Stony Brook,30,16,14,0.533,-4.82,-6.49,,8.0,8.0,,7.0,7.0,,9,6,,65.0,60.9,,41.2,22.8,55.3,0.413,5.83,16.7,0.35,13.6,20.0,0.679,11.8,35.1,9.83,8.6,2.6,13.0,19.2
280,Syracuse NCAA,38,28,10,0.737,17.24,9.48,,11.0,7.0,,16.0,3.0,,5,5,,80.2,71.7,,41.3,29.2,59.9,0.487,6.74,19.6,0.345,15.0,23.3,0.645,12.7,39.6,18.1,7.79,5.11,15.3,15.3
281,TCU,31,14,17,0.452,2.23,3.96,,5.0,11.0,,10.0,5.0,,3,10,,63.8,64.1,,40.3,22.0,51.4,0.428,5.81,17.8,0.325,14.1,19.2,0.733,9.26,31.0,12.5,5.74,1.06,13.5,18.3
282,Temple NCAA,34,22,12,0.647,9.05,3.9,,11.0,5.0,,9.0,2.0,,9,8,,68.6,63.5,,40.0,24.9,56.1,0.443,7.59,20.7,0.367,11.3,16.1,0.7,11.1,36.7,15.5,5.56,4.15,12.5,17.1
283,Tennessee NCAA,34,21,13,0.618,13.6,7.71,,10.0,6.0,,10.0,5.0,,6,5,,78.4,72.5,,40.1,28.1,61.9,0.455,6.74,21.4,0.315,15.4,22.7,0.676,14.3,38.7,16.3,6.62,3.65,13.3,19.0
284,Tennessee State,30,12,18,0.4,-10.79,-4.47,,9.0,9.0,,8.0,6.0,,4,12,,72.8,78.4,,40.0,26.2,57.0,0.459,4.87,14.6,0.334,15.6,22.8,0.687,12.1,35.5,14.1,6.37,3.63,15.7,20.3
285,Tennessee Tech,30,12,18,0.4,-6.64,-4.68,,6.0,12.0,,8.0,7.0,,4,11,,73.6,73.0,,,26.7,60.8,0.439,6.93,18.9,0.367,13.3,19.6,0.677,12.9,36.8,13.5,8.77,5.33,15.8,20.8
286,Tennessee-Martin,32,22,10,0.688,0.06,-4.9,,14.0,4.0,,12.0,3.0,,9,6,,78.8,70.1,,40.3,28.1,62.4,0.451,7.78,23.3,0.334,14.8,20.1,0.737,13.5,36.8,14.6,8.34,2.78,12.8,18.7
287,Texas NCAA,35,23,12,0.657,14.83,8.09,,9.0,7.0,,13.0,2.0,,4,6,,72.3,65.6,,40.3,26.2,58.9,0.444,4.74,16.2,0.293,15.2,22.8,0.668,14.2,38.8,12.8,6.2,5.34,12.6,19.3
288,Texas A&M NCAA,34,24,10,0.706,10.52,6.13,,9.0,7.0,,16.0,2.0,,5,5,,71.8,67.1,,40.1,24.2,53.9,0.449,5.94,16.5,0.361,17.5,25.2,0.694,12.4,36.7,12.6,4.82,3.91,12.7,17.2
289,Texas A&M-Corpus Christi,33,18,15,0.545,-3.49,-1.46,,11.0,5.0,,11.0,3.0,,6,11,,68.3,67.5,,40.2,23.3,55.3,0.421,5.33,17.4,0.307,16.4,24.0,0.683,13.9,37.6,12.7,8.52,4.0,17.1,19.3
290,Texas Southern,32,7,25,0.219,-16.56,-7.46,,7.0,11.0,,4.0,6.0,,3,16,,64.5,73.6,,40.2,23.9,52.3,0.457,3.84,11.9,0.322,12.9,20.9,0.615,10.4,30.9,11.8,7.5,2.31,17.7,21.9
291,Texas State,30,14,16,0.467,-4.73,-3.93,,7.0,9.0,,11.0,4.0,,2,10,,81.5,77.3,,40.2,28.8,64.0,0.451,7.83,21.2,0.369,16.0,24.1,0.664,14.5,39.0,15.5,7.8,2.7,16.6,26.0
292,Texas Tech,33,14,19,0.424,5.04,8.04,,3.0,13.0,,12.0,6.0,,0,11,,77.7,79.0,,40.0,27.2,60.1,0.452,7.15,19.1,0.375,16.2,22.2,0.731,10.5,35.9,15.3,5.61,2.85,14.5,21.8
293,Texas-Rio Grande Valley,27,10,17,0.37,-13.68,-3.01,,,,,7.0,4.0,,2,10,,65.3,69.3,,40.0,23.8,52.0,0.457,4.41,14.8,0.298,13.3,21.4,0.623,9.52,31.7,15.7,5.7,1.78,15.7,18.8
294,The Citadel,33,20,13,0.606,-4.48,-5.98,,15.0,5.0,,10.0,5.0,,9,6,,66.8,64.7,,40.3,23.6,52.7,0.449,6.45,19.0,0.34,13.1,18.3,0.716,10.0,33.3,11.4,5.21,1.7,12.7,17.1
295,Toledo,32,7,25,0.219,-10.48,-0.96,,5.0,11.0,,6.0,7.0,,0,16,,59.2,67.9,,40.2,21.6,51.3,0.422,4.66,15.6,0.299,11.3,17.2,0.653,10.9,33.1,10.8,6.5,3.19,17.1,18.3
296,Towson,34,12,22,0.353,-7.3,-1.27,,5.0,13.0,,6.0,8.0,,4,12,,65.1,70.6,,40.4,22.8,56.8,0.402,6.26,20.1,0.311,13.2,19.7,0.668,12.3,34.9,13.0,7.24,4.59,13.0,18.1
297,Troy,32,19,13,0.594,-3.64,-4.22,,14.0,4.0,,11.0,3.0,,6,8,,78.1,77.2,,40.2,28.3,61.3,0.461,8.56,22.9,0.374,13.1,18.7,0.698,11.3,35.8,14.1,7.53,3.81,12.4,16.3
298,Tulane,31,14,17,0.452,-1.3,0.9,,7.0,9.0,,10.0,6.0,,2,11,,65.1,66.3,,40.5,23.2,54.8,0.423,4.87,14.7,0.331,13.8,20.4,0.677,11.3,33.2,13.3,7.58,3.16,13.7,19.3
299,Tulsa,36,25,11,0.694,8.41,4.84,,12.0,4.0,,15.0,2.0,,7,7,,66.8,61.4,,40.1,23.3,52.2,0.447,5.42,16.0,0.339,14.7,21.2,0.696,11.0,37.6,10.9,5.39,4.75,14.2,18.4
300,UAB,34,22,12,0.647,10.05,3.67,,11.0,5.0,,13.0,1.0,,7,8,,72.4,66.0,,40.4,25.9,56.9,0.455,6.71,19.9,0.337,13.9,19.7,0.707,9.65,34.4,12.6,6.59,2.03,11.4,16.7
301,UC Davis,32,13,19,0.406,-4.13,-3.4,,7.0,9.0,,5.0,8.0,,6,9,,73.1,74.1,,40.0,24.8,53.8,0.461,7.63,21.1,0.362,15.9,20.4,0.779,8.09,31.5,15.6,6.13,2.19,14.3,19.3
302,UC Irvine,31,12,19,0.387,-5.8,-1.8,,8.0,8.0,,6.0,7.0,,5,10,,65.4,68.8,,40.3,22.8,53.5,0.427,6.94,17.2,0.403,12.8,16.9,0.758,9.1,30.2,12.5,4.94,1.81,11.5,18.3
303,UC Riverside,30,17,13,0.567,-5.22,-3.76,,8.0,8.0,,11.0,2.0,,6,10,,60.2,60.6,,40.5,21.8,51.3,0.424,5.83,15.5,0.377,10.8,15.9,0.683,11.0,33.0,12.1,6.73,1.67,13.6,17.2
304,UC Santa Barbara,31,16,15,0.516,-1.74,-1.1,,8.0,8.0,,10.0,4.0,,3,10,,65.5,65.2,,40.2,23.0,51.5,0.446,5.26,15.7,0.334,14.3,20.6,0.694,10.4,32.7,12.7,6.97,2.55,15.6,19.0
305,UCF,31,17,14,0.548,1.73,1.26,,7.0,9.0,,13.0,3.0,,3,8,,71.7,69.9,,40.2,25.3,56.6,0.446,7.16,20.6,0.348,13.9,18.6,0.747,11.7,34.6,15.4,6.87,2.84,14.4,19.7
306,UCLA NCAA,35,26,9,0.743,18.64,7.19,,13.0,5.0,,16.0,2.0,,6,4,,75.5,64.0,,40.1,27.6,56.4,0.49,7.49,18.7,0.399,12.7,17.6,0.724,11.3,32.9,15.5,8.34,3.14,12.6,17.1
307,UNC Asheville,31,15,16,0.484,-11.34,-4.19,,10.0,8.0,,11.0,3.0,,4,13,,72.9,77.7,,40.6,25.8,58.0,0.445,6.84,19.0,0.36,14.5,21.1,0.685,11.7,35.0,16.0,8.13,4.23,16.4,17.9
308,UNC Greensboro,30,5,25,0.167,-16.01,-4.33,,4.0,16.0,,2.0,10.0,,3,14,,62.9,73.9,,40.2,22.0,55.2,0.398,5.8,18.5,0.314,13.2,20.4,0.648,13.1,35.7,10.5,5.4,3.73,15.2,19.1
309,UNC Wilmington,32,7,25,0.219,-13.82,-0.66,,3.0,15.0,,5.0,9.0,,1,15,,71.3,83.5,,40.6,25.3,61.0,0.414,8.44,25.3,0.334,12.3,18.0,0.681,10.2,32.8,13.9,6.5,1.16,14.1,18.0
310,UT Arlington,30,16,14,0.533,-2.37,-3.37,,9.0,7.0,,9.0,2.0,,7,10,,78.0,74.1,,40.3,27.7,58.7,0.471,6.77,20.0,0.338,15.9,21.2,0.75,10.9,35.9,15.2,6.87,2.27,13.7,19.8
311,Utah NCAA,34,24,10,0.706,12.59,5.72,,12.0,4.0,,13.0,2.0,,6,7,,71.2,64.6,,40.3,24.1,50.8,0.474,7.12,19.3,0.369,15.9,20.4,0.781,8.21,35.1,13.5,5.03,4.88,13.8,18.6
312,Utah State NCAA,35,30,5,0.857,9.33,0.07,,14.0,2.0,,17.0,0.0,,11,3,,72.4,62.0,,40.3,25.7,51.8,0.496,6.34,16.1,0.394,14.7,19.9,0.74,10.4,34.3,16.2,4.8,2.51,11.2,15.4
313,Utah Valley,28,17,11,0.607,,,,,,,8.0,3.0,,3,5,,70.8,63.8,,,24.0,51.5,0.467,7.11,18.1,0.393,15.6,20.3,0.769,9.68,34.7,13.2,4.21,2.64,12.7,18.2
314,UTEP,37,23,14,0.622,6.67,3.21,,10.0,6.0,,13.0,5.0,,8,6,,75.4,71.9,,40.4,25.2,59.5,0.423,5.27,16.9,0.312,19.8,27.6,0.716,12.8,37.7,13.6,6.76,4.0,12.4,21.9
315,UTSA,32,19,13,0.594,-4.67,-4.17,,8.0,8.0,,11.0,3.0,,6,9,,75.1,71.4,,40.6,25.2,59.6,0.422,8.38,24.3,0.344,16.4,23.2,0.708,11.8,35.3,11.8,9.25,2.25,14.0,18.8
316,Valparaiso,31,9,22,0.29,-4.43,2.22,,5.0,13.0,,8.0,6.0,,1,12,,61.3,65.5,,40.2,21.9,52.0,0.421,6.61,20.1,0.329,10.9,17.9,0.612,10.6,31.3,13.0,7.58,1.68,15.0,20.7
317,Vanderbilt,31,19,12,0.613,8.18,3.81,,8.0,8.0,,14.0,4.0,,3,7,,70.5,65.6,,40.0,23.9,53.0,0.451,6.13,18.1,0.339,16.6,23.2,0.716,10.8,36.9,12.5,5.61,4.42,15.0,17.7
318,Vermont,33,24,9,0.727,4.64,-4.27,,13.0,3.0,,12.0,3.0,,10,5,,76.8,67.3,,40.9,26.8,55.6,0.481,5.64,15.3,0.369,17.6,25.2,0.699,10.8,35.3,15.7,7.82,5.0,14.6,18.9
319,Villanova NCAA,38,30,8,0.789,17.45,8.72,,13.0,5.0,,16.0,2.0,,8,3,,76.8,67.4,,40.1,26.1,57.7,0.451,6.5,18.4,0.352,18.2,24.2,0.753,12.6,38.1,14.5,7.89,3.37,13.3,19.3
320,Virginia,28,10,18,0.357,5.87,8.34,,4.0,12.0,,9.0,8.0,,1,9,,70.0,72.5,,40.4,25.0,60.1,0.417,5.57,17.6,0.316,14.4,19.4,0.74,12.9,36.8,12.4,6.39,4.0,14.8,19.0
321,Virginia Commonwealth NCAA,34,24,10,0.706,7.7,-0.65,,14.0,4.0,,16.0,1.0,,7,6,,71.8,63.4,,40.3,25.5,55.2,0.461,6.53,17.7,0.369,14.3,20.3,0.705,10.6,33.9,13.8,7.56,4.56,12.7,19.2
322,VMI,32,24,8,0.75,-3.3,-7.49,,13.0,5.0,,13.0,3.0,,10,5,,93.8,85.5,,40.3,31.5,71.2,0.443,13.7,38.3,0.358,17.1,23.2,0.736,12.3,33.4,18.2,14.2,3.28,14.0,18.7
323,Virginia Tech,34,19,15,0.559,8.79,6.88,,7.0,9.0,,10.0,6.0,,5,6,,72.6,70.7,,40.7,24.9,56.9,0.437,6.09,18.1,0.337,16.9,23.3,0.724,12.2,37.0,13.4,6.5,4.56,13.5,18.2
324,Wagner,30,16,14,0.533,-10.39,-8.6,,8.0,10.0,,8.0,6.0,,8,8,,67.4,68.3,,40.2,23.9,53.6,0.446,7.37,19.2,0.384,12.2,19.5,0.626,10.1,33.3,13.9,7.03,3.2,15.0,17.7
325,Wake Forest NCAA,31,24,7,0.774,15.63,7.36,,11.0,5.0,,14.0,1.0,,7,4,,81.0,70.7,,40.0,29.2,59.6,0.49,4.06,12.7,0.32,18.5,25.9,0.711,12.6,40.7,13.1,8.32,5.68,15.9,18.8
326,Washington NCAA,35,26,9,0.743,16.78,8.19,,14.0,4.0,,18.0,1.0,,6,4,,78.6,69.5,,40.6,27.9,61.0,0.457,4.17,12.4,0.337,18.6,26.5,0.7,15.2,41.1,13.1,7.4,2.71,14.7,19.5
327,Washington State,33,17,16,0.515,11.29,7.5,,8.0,10.0,,9.0,7.0,,5,7,,59.2,55.4,,40.3,21.7,50.0,0.434,5.48,15.9,0.345,10.4,13.5,0.769,8.12,32.6,12.4,3.76,4.3,11.4,15.0
328,Weber State,31,21,10,0.677,1.11,-2.39,,15.0,1.0,,10.0,3.0,,9,6,,70.2,66.3,,40.5,23.8,50.5,0.472,7.65,20.4,0.376,14.8,20.3,0.73,7.1,32.2,12.1,5.9,3.68,14.4,19.2
329,West Virginia NCAA,35,23,12,0.657,18.57,8.34,,10.0,8.0,,11.0,3.0,,7,5,,72.0,61.8,,40.1,25.3,59.1,0.429,6.6,20.1,0.329,14.8,21.2,0.698,15.2,38.3,15.1,6.66,4.54,12.0,18.9
330,Western Carolina,31,16,15,0.516,-7.17,-5.13,,11.0,9.0,,11.0,2.0,,3,11,,74.0,72.6,,40.2,27.1,61.5,0.441,7.52,21.4,0.351,12.3,19.3,0.634,14.5,36.2,12.4,9.61,2.74,14.3,22.6
331,Western Illinois,29,9,20,0.31,-10.86,-4.04,,6.0,12.0,,5.0,6.0,,3,12,,58.7,65.1,,40.2,21.2,48.8,0.434,5.62,14.1,0.4,10.6,15.0,0.71,8.76,27.4,12.3,5.62,1.76,12.7,17.7
332,Western Kentucky NCAA,34,25,9,0.735,3.68,-1.23,,15.0,3.0,,13.0,0.0,,7,7,,72.2,67.0,,40.0,25.6,56.7,0.452,7.82,21.0,0.373,13.1,19.0,0.689,12.7,36.8,13.4,5.68,3.26,13.3,17.3
333,Western Michigan,31,10,21,0.323,-5.69,-3.19,,7.0,9.0,,7.0,7.0,,3,10,,61.9,64.6,,40.3,20.5,52.0,0.393,6.39,20.5,0.311,14.6,20.8,0.701,10.6,34.2,10.9,5.39,3.13,13.3,20.7
334,Wichita State,34,17,17,0.5,2.05,2.08,,8.0,10.0,,14.0,3.0,,1,11,,62.9,62.5,,40.0,22.7,51.8,0.438,5.53,17.1,0.322,12.0,17.5,0.686,11.5,33.9,13.3,6.35,3.32,13.9,18.1
335,William & Mary,30,10,20,0.333,-5.97,-2.79,,5.0,13.0,,7.0,8.0,,2,11,,61.5,63.4,,,21.9,53.1,0.413,6.73,21.8,0.309,10.9,16.7,0.651,11.0,34.1,13.6,6.0,2.3,14.2,16.8
336,Winston-Salem,30,8,22,0.267,,,,,,,1.0,8.0,,4,11,,58.0,67.4,,,21.3,54.9,0.388,4.47,16.0,0.28,11.0,19.3,0.569,,33.7,9.43,8.23,2.77,17.6,20.0
337,Winthrop,30,11,19,0.367,-11.46,-4.54,,9.0,9.0,,7.0,6.0,,4,12,,61.1,66.4,,40.3,23.2,57.1,0.406,4.73,16.7,0.284,10.0,14.9,0.672,12.0,34.4,11.1,6.57,3.93,13.4,18.2
338,Wisconsin NCAA,33,20,13,0.606,12.43,8.43,,10.0,8.0,,13.0,3.0,,4,7,,63.8,59.0,,40.6,22.3,51.1,0.436,6.45,17.9,0.36,12.8,17.7,0.726,9.61,30.9,11.9,4.94,2.61,10.0,16.1
339,Wofford,30,16,14,0.533,-7.04,-5.45,,12.0,8.0,,8.0,4.0,,8,9,,68.8,69.0,,40.5,24.2,53.4,0.454,6.27,17.3,0.363,14.1,20.5,0.689,12.6,34.1,13.3,6.23,1.47,13.5,15.6
340,Wright State,33,20,13,0.606,3.2,0.23,,12.0,6.0,,11.0,4.0,,5,9,,60.5,57.5,,40.3,20.4,49.8,0.409,5.7,17.6,0.323,14.0,20.2,0.691,9.64,31.6,11.3,6.06,2.39,12.4,18.5
341,Wyoming,33,19,14,0.576,0.67,3.53,,7.0,9.0,,12.0,4.0,,3,9,,74.9,74.2,,40.3,24.1,52.2,0.463,6.39,17.8,0.36,20.2,27.8,0.727,8.64,36.0,12.5,4.76,3.58,14.2,17.3
342,Xavier NCAA,35,27,8,0.771,14.45,4.65,,12.0,4.0,,14.0,1.0,,7,4,,71.7,61.9,,40.1,24.2,52.7,0.459,6.83,17.3,0.394,16.4,24.3,0.676,12.0,39.4,13.3,5.29,5.09,14.6,18.7
343,Yale,28,13,15,0.464,-7.29,-5.17,,8.0,6.0,,8.0,3.0,,5,12,,63.3,63.7,,40.0,23.1,51.7,0.446,3.57,12.1,0.296,13.6,20.5,0.662,10.4,33.4,13.4,6.93,3.14,15.5,18.9
344,Youngstown State,30,11,19,0.367,-5.25,-0.11,,7.0,11.0,,7.0,9.0,,4,10,,66.0,68.9,,40.2,23.6,57.1,0.414,5.5,16.3,0.337,13.3,20.4,0.65,12.9,35.5,13.0,5.6,3.47,13.4,19.5
