Rk,School,G,W,L,W-L%,SRS,SOS,,Conf_W,Conf_L,,Home_W,Home_L,,Away_W,Away_L,,Tm.,Opp.,,Opp_Pace,Opp_ORtg,Opp_FTr,Opp_3PAr,Opp_TS%,Opp_TRB%,Opp_AST%,Opp_STL%,Opp_BLK%,Opp_eFG%,Opp_TOV%,Opp_ORB%,Opp_FT/FGA
1,Abilene Christian,29,15,14,0.517,-5.49,-2.33,,7,7,,9,4,,5,10,,2055,2027,,70.8,98.3,0.486,0.357,0.545,50.0,52.2,11.3,10.1,0.5,20.9,30.2,0.341
2,Air Force,30,4,26,0.133,-7.18,3.69,,1,18,,3,13,,0,13,,1876,2202,,64.8,112.3,0.355,0.354,0.571,53.3,47.3,10.4,12.4,0.543,13.8,29.0,0.248
3,Akron,30,24,6,0.8,3.27,-3.84,,16,1,,15,0,,8,4,,2516,2233,,72.8,101.8,0.329,0.38,0.521,46.9,45.2,10.1,7.0,0.486,15.0,27.9,0.234
4,Alabama,29,23,6,0.793,26.08,15.18,,12,4,,12,2,,8,3,,2639,2323,,75.9,105.1,0.33,0.35,0.509,45.4,42.5,10.5,12.4,0.471,11.6,29.4,0.235
5,Alabama A&M,29,10,19,0.345,-19.59,-9.59,,6,10,,8,9,,2,10,,2173,2310,,74.0,105.8,0.482,0.377,0.565,50.3,58.1,12.0,8.1,0.528,19.1,34.4,0.331
6,Alabama State,29,14,15,0.483,-9.67,-8.45,,10,6,,8,3,,4,10,,2164,2147,,70.0,105.3,0.393,0.399,0.543,52.6,49.4,7.3,8.8,0.507,16.2,31.5,0.275
7,Albany (NY),31,16,15,0.516,-8.91,-7.98,,8,8,,6,7,,8,7,,2316,2280,,68.6,106.0,0.363,0.352,0.577,49.2,49.8,8.2,11.4,0.545,18.3,27.9,0.264
8,Alcorn State,29,9,20,0.31,-12.66,-4.77,,9,7,,6,3,,3,17,,1884,2111,,66.4,109.1,0.332,0.461,0.557,50.6,61.1,10.4,11.0,0.524,15.8,33.8,0.243
9,American,31,19,12,0.613,-7.73,-6.04,,13,5,,11,2,,5,10,,2117,2104,,64.4,103.8,0.367,0.341,0.545,51.7,50.1,9.1,9.1,0.512,16.0,27.5,0.255
10,Appalachian State,30,17,13,0.567,-1.8,-3.26,,10,8,,10,4,,5,8,,2046,1909,,64.7,97.9,0.219,0.391,0.478,49.2,48.9,10.5,10.6,0.448,12.5,28.5,0.16
11,Arizona,30,20,10,0.667,23.24,12.77,,14,5,,13,3,,6,4,,2465,2151,,70.5,100.8,0.294,0.421,0.514,44.6,53.5,9.4,6.4,0.481,14.9,27.9,0.211
12,Arizona State,30,13,17,0.433,11.95,13.55,,4,15,,5,8,,3,8,,2243,2291,,70.2,107.4,0.315,0.401,0.54,52.1,54.4,10.9,11.3,0.502,14.1,30.7,0.237
13,Arkansas,30,18,12,0.6,16.94,11.01,,7,10,,13,4,,4,6,,2283,2105,,70.4,99.2,0.293,0.394,0.514,49.8,49.4,9.4,6.9,0.48,15.8,28.3,0.212
14,Arkansas State,31,22,9,0.71,6.16,-2.87,,13,5,,13,2,,8,5,,2460,2146,,70.6,97.2,0.358,0.35,0.493,47.7,50.2,9.1,9.7,0.452,15.1,29.9,0.25
15,Arkansas-Pine Bluff,29,6,23,0.207,-24.55,-7.81,,3,13,,4,6,,2,17,,2110,2461,,73.6,115.3,0.409,0.449,0.58,53.2,58.9,12.5,8.9,0.553,14.5,32.6,0.279
16,Army,30,16,14,0.533,-11.44,-7.08,,10,8,,12,4,,4,10,,2213,2243,,67.6,107.8,0.265,0.421,0.55,51.3,53.3,8.8,8.5,0.527,14.7,29.2,0.184
17,Auburn,30,27,3,0.9,30.55,14.82,,15,2,,13,1,,8,2,,2549,2077,,69.1,100.1,0.391,0.344,0.505,47.0,40.1,8.7,7.7,0.456,14.9,30.5,0.285
18,Austin Peay,33,14,19,0.424,-8.81,-3.1,,8,10,,8,5,,4,13,,2362,2472,,67.2,110.2,0.356,0.362,0.566,53.2,51.6,8.3,13.0,0.533,15.2,30.9,0.259
19,Ball State,30,14,16,0.467,-7.39,-6.36,,7,10,,8,7,,4,8,,2270,2221,,68.9,106.6,0.309,0.397,0.539,49.2,51.9,9.3,8.1,0.506,12.9,27.0,0.224
20,Baylor,30,18,12,0.6,19.16,12.99,,10,9,,13,2,,3,9,,2318,2085,,66.6,102.2,0.337,0.4,0.538,47.6,60.7,9.2,11.3,0.507,17.0,30.4,0.234
21,Bellarmine,31,5,26,0.161,-14.55,-4.17,,2,16,,5,10,,0,16,,2252,2484,,67.6,117.6,0.335,0.464,0.601,53.5,54.7,10.0,7.1,0.57,13.4,28.6,0.253
22,Belmont,31,21,10,0.677,1.78,-0.22,,13,7,,11,5,,9,4,,2492,2409,,70.7,109.5,0.27,0.429,0.566,51.2,55.4,9.7,10.0,0.541,15.4,29.4,0.196
23,Bethune-Cookman,30,15,15,0.5,-9.25,-5.75,,12,5,,7,2,,7,12,,2070,2175,,69.7,103.9,0.327,0.376,0.524,50.1,52.9,11.3,10.4,0.487,14.4,30.7,0.235
24,Binghamton,31,15,16,0.484,-12.91,-8.49,,7,9,,9,4,,5,11,,2167,2218,,66.9,105.7,0.331,0.391,0.525,47.5,45.1,11.9,10.8,0.489,11.7,25.8,0.236
25,Boise State,30,22,8,0.733,14.44,4.96,,14,5,,13,1,,6,5,,2283,1973,,66.4,98.7,0.296,0.361,0.519,43.9,43.5,7.7,10.2,0.491,14.7,22.5,0.202
26,Boston College,29,12,17,0.414,0.4,4.95,,4,14,,9,7,,0,9,,2046,2178,,66.9,109.0,0.371,0.355,0.55,50.4,47.9,9.4,8.0,0.514,13.5,29.2,0.265
27,Boston University,31,16,15,0.516,-10.25,-7.82,,10,8,,12,3,,3,12,,2070,2105,,64.1,104.3,0.311,0.41,0.555,45.8,53.7,11.1,9.4,0.521,15.3,22.7,0.232
28,Bowling Green State,30,14,16,0.467,-8.6,-5.99,,8,9,,8,7,,5,8,,2222,2206,,70.2,104.8,0.301,0.424,0.552,50.7,54.9,8.5,12.0,0.513,16.1,27.1,0.236
29,Bradley,31,24,7,0.774,6.89,-0.07,,15,5,,13,3,,8,3,,2424,2149,,67.1,101.7,0.349,0.428,0.518,48.4,51.0,10.4,7.0,0.477,14.5,27.6,0.253
30,Brigham Young,30,22,8,0.733,20.07,8.8,,13,6,,14,2,,6,5,,2437,2099,,67.7,101.3,0.299,0.44,0.533,44.9,53.5,9.5,8.1,0.503,15.3,24.6,0.211
31,Brown,26,14,12,0.538,-4.7,-4.1,,6,7,,8,5,,6,7,,1889,1863,,67.5,104.6,0.288,0.377,0.521,49.8,46.8,9.9,9.8,0.49,13.8,30.6,0.203
32,Bryant,31,20,11,0.645,-2.19,-7.16,,14,2,,9,3,,10,7,,2545,2300,,73.4,100.7,0.287,0.357,0.508,47.1,43.1,8.8,5.2,0.473,14.3,29.0,0.209
33,Bucknell,31,17,14,0.548,-4.56,-5.56,,13,5,,11,3,,6,10,,2290,2259,,67.6,103.3,0.342,0.408,0.533,50.1,50.3,10.9,9.1,0.504,15.0,27.8,0.233
34,Buffalo,30,9,21,0.3,-14.81,-3.81,,4,13,,6,9,,3,12,,2156,2420,,73.4,109.8,0.298,0.363,0.565,52.8,53.3,11.9,10.1,0.537,15.2,30.2,0.216
35,Butler,29,13,16,0.448,11.23,9.78,,6,12,,9,7,,2,8,,2153,2111,,67.2,107.8,0.218,0.363,0.517,48.5,48.2,10.3,10.5,0.488,9.7,27.9,0.164
36,Cal Poly,30,12,18,0.4,-3.2,0.9,,6,12,,8,5,,4,13,,2430,2516,,75.2,109.7,0.315,0.395,0.561,52.1,49.1,12.8,10.0,0.526,15.8,33.4,0.238
37,Cal State Bakersfield,31,13,18,0.419,-5.61,-1.43,,7,12,,8,6,,4,11,,2292,2295,,67.8,108.4,0.451,0.414,0.575,47.0,51.7,8.2,7.6,0.53,17.0,29.3,0.337
38,Cal State Fullerton,30,6,24,0.2,-14.72,1.21,,1,17,,4,10,,2,14,,1904,2311,,68.6,112.4,0.342,0.445,0.571,51.6,56.4,12.0,9.8,0.536,14.6,30.3,0.254
39,Cal State Northridge,29,21,8,0.724,3.65,-3.39,,13,5,,9,3,,10,5,,2347,2074,,72.8,97.8,0.435,0.502,0.54,43.4,60.8,10.7,7.0,0.488,18.7,22.9,0.329
40,California,29,13,16,0.448,6.0,6.86,,6,12,,11,6,,2,9,,2161,2186,,68.1,109.7,0.315,0.32,0.558,48.3,43.6,9.6,10.5,0.526,14.2,29.6,0.232
41,California Baptist,28,14,14,0.5,-0.55,-1.33,,7,7,,9,5,,4,8,,2021,1999,,68.0,103.6,0.338,0.313,0.538,48.5,41.0,9.4,8.9,0.507,15.7,29.2,0.233
42,Campbell,31,15,16,0.484,-4.3,-4.44,,10,8,,8,6,,7,10,,2184,2090,,66.6,100.8,0.31,0.374,0.539,51.9,52.6,9.2,9.7,0.512,17.5,27.5,0.212
43,Canisius,29,3,26,0.103,-18.2,-4.65,,3,15,,1,12,,2,13,,1896,2289,,66.1,119.4,0.313,0.406,0.602,58.7,59.2,9.3,10.0,0.573,14.3,34.8,0.237
44,Central Arkansas,33,9,24,0.273,-14.44,-3.57,,4,14,,7,7,,1,17,,2318,2578,,67.9,112.4,0.218,0.521,0.578,50.7,60.8,11.0,11.8,0.559,14.8,28.9,0.157
45,Central Connecticut State,29,23,6,0.793,-3.52,-10.27,,14,2,,11,2,,12,3,,2107,1827,,66.6,94.6,0.176,0.414,0.498,47.3,51.9,9.3,5.7,0.479,16.3,24.8,0.121
46,Central Michigan,30,14,16,0.467,-3.63,-1.94,,7,10,,8,5,,6,10,,2260,2154,,69.8,102.9,0.3,0.433,0.537,47.2,53.9,9.1,8.5,0.509,16.1,27.6,0.21
47,Charleston Southern,31,10,21,0.323,-10.13,-1.86,,6,10,,7,5,,3,14,,2247,2423,,69.7,110.8,0.322,0.291,0.555,48.1,42.3,10.3,10.3,0.527,12.1,27.2,0.225
48,Charlotte,29,10,19,0.345,-5.32,-0.39,,3,13,,8,7,,1,11,,2061,2177,,65.7,111.8,0.357,0.348,0.566,52.9,46.0,8.1,10.6,0.538,12.9,28.9,0.247
49,Chattanooga,31,23,8,0.742,1.16,-3.94,,15,3,,13,3,,10,5,,2449,2234,,67.7,105.6,0.335,0.407,0.535,49.9,49.7,8.8,8.9,0.503,13.8,28.5,0.235
50,Chicago State,31,4,27,0.129,-20.59,-4.27,,4,12,,3,7,,1,18,,1944,2450,,69.3,113.2,0.38,0.398,0.583,56.6,58.1,9.9,8.6,0.551,15.8,33.0,0.274
51,Cincinnati,29,17,12,0.586,15.65,9.58,,7,11,,12,4,,4,8,,2069,1893,,65.7,99.3,0.242,0.348,0.514,48.8,49.1,8.6,8.4,0.481,16.5,29.7,0.185
52,Clemson,29,24,5,0.828,19.04,7.83,,16,2,,14,2,,8,3,,2246,1921,,64.8,99.7,0.274,0.385,0.519,48.0,43.4,8.9,7.9,0.492,17.1,30.4,0.189
53,Cleveland State,31,20,11,0.645,-1.68,-3.9,,14,6,,13,4,,7,7,,2281,2059,,67.2,98.5,0.379,0.395,0.534,49.0,55.8,9.4,9.4,0.497,20.0,32.5,0.267
54,Coastal Carolina,32,10,22,0.313,-11.73,-5.53,,3,15,,6,8,,3,13,,2136,2275,,64.4,109.9,0.365,0.364,0.523,48.5,42.7,10.6,10.7,0.48,9.3,28.0,0.267
55,Colgate,31,13,18,0.419,-7.74,-5.71,,10,8,,9,4,,4,12,,2233,2261,,66.9,108.2,0.266,0.397,0.558,51.0,54.4,10.0,9.5,0.534,14.5,26.7,0.187
56,College of Charleston,31,23,8,0.742,0.05,-2.92,,13,5,,13,2,,7,5,,2403,2291,,70.7,103.3,0.266,0.399,0.53,50.0,54.0,9.1,9.4,0.503,14.6,27.6,0.188
57,Colorado,29,11,18,0.379,9.23,11.19,,2,16,,10,7,,0,9,,2022,2079,,68.4,104.0,0.342,0.392,0.532,48.4,52.2,12.2,10.1,0.497,14.3,27.6,0.244
58,Colorado State,30,21,9,0.7,12.88,5.05,,15,4,,14,2,,6,4,,2256,2021,,66.7,99.7,0.331,0.361,0.519,47.2,46.4,9.2,8.3,0.49,15.0,24.4,0.222
59,Columbia,26,12,14,0.462,-8.33,-5.49,,1,12,,9,6,,3,8,,2036,2009,,70.9,109.0,0.245,0.416,0.567,49.7,64.0,8.7,10.0,0.543,15.1,27.0,0.179
60,Connecticut,29,20,9,0.69,17.21,8.11,,12,6,,12,2,,7,4,,2266,2002,,65.1,104.3,0.404,0.338,0.531,45.7,45.2,8.6,9.0,0.486,14.0,27.9,0.295
61,Coppin State,28,5,23,0.179,-21.7,-4.92,,3,10,,4,6,,1,17,,1722,2149,,69.2,111.0,0.374,0.399,0.588,54.5,57.7,11.4,12.7,0.56,17.8,32.7,0.265
62,Cornell,26,16,10,0.615,0.56,-3.48,,8,5,,8,5,,8,5,,2196,2006,,72.1,107.0,0.303,0.388,0.541,49.4,54.4,9.5,6.9,0.514,14.1,29.7,0.21
63,Creighton,30,21,9,0.7,16.52,10.38,,14,5,,14,2,,6,5,,2249,2065,,68.2,100.9,0.176,0.356,0.485,47.7,43.7,12.0,10.9,0.462,10.2,27.0,0.127
64,Dartmouth,26,14,12,0.538,-3.25,-5.0,,8,5,,9,4,,5,8,,2037,1860,,72.0,98.9,0.228,0.376,0.505,48.9,50.2,9.1,8.5,0.482,13.0,24.4,0.155
65,Davidson,29,16,13,0.552,2.29,1.04,,6,10,,11,5,,4,6,,2116,2040,,66.4,106.0,0.278,0.395,0.539,50.2,48.5,8.6,8.7,0.514,13.8,27.2,0.192
66,Dayton,30,21,9,0.7,9.32,4.32,,11,6,,16,2,,4,4,,2259,2093,,66.1,104.2,0.286,0.423,0.54,48.6,51.2,9.2,9.9,0.507,15.9,28.3,0.213
67,Delaware,31,12,19,0.387,-7.58,-3.58,,5,13,,8,7,,3,11,,2367,2439,,70.8,111.2,0.311,0.339,0.555,53.5,45.6,8.9,9.7,0.522,13.6,31.7,0.229
68,Delaware State,28,15,13,0.536,-11.73,-8.06,,7,6,,10,2,,3,11,,2208,2082,,72.2,102.1,0.376,0.399,0.543,47.6,56.6,8.9,6.2,0.507,17.8,30.0,0.267
69,Denver,31,11,20,0.355,-9.67,-2.67,,5,11,,8,6,,3,12,,2254,2403,,68.8,110.9,0.497,0.37,0.585,52.4,48.1,9.2,7.3,0.542,16.4,29.9,0.361
70,DePaul,29,11,18,0.379,5.25,7.18,,2,16,,10,8,,1,10,,2087,2143,,67.7,107.3,0.29,0.351,0.543,50.0,55.1,10.3,10.9,0.516,13.7,28.4,0.203
71,Detroit Mercy,32,8,24,0.25,-13.35,-2.99,,4,16,,6,7,,2,15,,2146,2428,,67.7,110.4,0.392,0.47,0.548,48.8,58.6,10.6,8.5,0.509,13.4,29.8,0.281
72,Drake,30,27,3,0.9,8.65,0.11,,17,3,,14,2,,10,1,,2123,1777,,60.3,96.2,0.352,0.382,0.543,44.4,45.5,8.5,7.4,0.505,20.1,24.8,0.257
73,Drexel,31,17,14,0.548,-3.67,-5.4,,9,9,,8,6,,7,7,,2155,2051,,64.3,100.8,0.278,0.356,0.496,46.9,49.3,11.0,7.8,0.465,12.6,29.0,0.193
74,Duke,30,27,3,0.9,31.35,8.95,,18,1,,17,0,,9,1,,2505,1833,,66.6,91.8,0.259,0.377,0.474,43.9,52.4,7.9,9.8,0.44,15.7,26.3,0.186
75,Duquesne,30,13,17,0.433,1.96,1.41,,8,9,,9,7,,2,7,,2065,2001,,65.4,101.5,0.407,0.357,0.536,49.5,53.5,9.8,9.9,0.493,17.8,30.8,0.294
76,East Carolina,29,17,12,0.586,0.59,-0.71,,9,7,,11,6,,4,5,,2229,2130,,68.1,105.6,0.317,0.355,0.542,47.5,55.5,8.7,8.0,0.508,15.3,30.1,0.233
77,East Tennessee State,31,19,12,0.613,-0.26,-4.95,,12,6,,13,3,,6,9,,2241,2056,,66.3,100.0,0.319,0.402,0.52,47.0,49.8,9.2,9.6,0.492,16.7,29.1,0.214
78,East Texas A&M,31,5,26,0.161,-12.24,-1.72,,3,17,,4,10,,1,16,,1995,2321,,67.8,110.0,0.365,0.346,0.566,54.6,59.4,13.6,13.4,0.538,17.0,35.9,0.253
79,Eastern Illinois,31,12,19,0.387,-12.29,-5.57,,8,12,,7,7,,4,12,,2062,2140,,67.9,100.9,0.382,0.441,0.539,50.7,61.5,9.0,10.9,0.501,18.9,30.6,0.271
80,Eastern Kentucky,32,18,14,0.563,-3.11,-3.71,,12,6,,10,3,,7,9,,2491,2408,,68.7,107.8,0.313,0.367,0.551,50.3,49.4,8.3,8.7,0.523,16.0,32.7,0.221
81,Eastern Michigan,30,16,14,0.533,-9.18,-5.49,,9,8,,9,5,,6,9,,2210,2292,,68.4,110.9,0.371,0.384,0.57,50.4,49.4,10.8,8.4,0.532,15.5,30.9,0.277
82,Eastern Washington,31,10,21,0.323,-7.84,-1.32,,6,12,,8,6,,2,14,,2230,2349,,68.6,110.5,0.384,0.38,0.573,52.5,54.0,11.3,7.7,0.537,16.5,32.5,0.281
83,Elon,31,17,14,0.548,-2.88,-4.3,,8,10,,10,4,,6,9,,2281,2141,,66.3,103.7,0.237,0.427,0.499,44.8,55.9,11.2,8.1,0.47,11.7,29.8,0.169
84,Evansville,31,11,20,0.355,-5.29,0.58,,8,12,,7,9,,4,11,,2060,2189,,67.2,105.1,0.344,0.442,0.532,52.1,53.0,10.9,7.4,0.492,14.3,28.5,0.254
85,Fairfield,29,11,18,0.379,-14.54,-7.26,,7,11,,7,6,,3,11,,1956,2111,,66.0,109.8,0.306,0.367,0.571,52.2,51.8,8.8,10.0,0.537,16.0,31.0,0.233
86,FDU,31,12,19,0.387,-12.12,-7.55,,8,8,,8,5,,4,14,,2288,2283,,69.4,104.8,0.301,0.365,0.533,52.5,50.1,9.3,8.7,0.495,15.3,32.0,0.227
87,Florida,29,25,4,0.862,26.73,10.14,,12,4,,14,1,,6,3,,2430,1949,,70.3,95.6,0.315,0.371,0.487,44.7,46.1,8.8,9.1,0.448,15.5,28.7,0.223
88,Florida A&M,28,13,15,0.464,-12.72,-4.79,,10,7,,9,3,,4,12,,2009,2101,,69.4,108.2,0.374,0.358,0.537,50.6,45.2,11.2,9.7,0.501,13.9,32.1,0.262
89,Florida Atlantic,29,16,13,0.552,4.22,2.51,,9,7,,7,5,,6,6,,2297,2199,,70.3,106.4,0.323,0.36,0.538,49.8,51.9,10.7,8.6,0.502,14.9,30.8,0.237
90,Florida Gulf Coast,32,18,14,0.563,-1.78,-4.07,,13,5,,11,5,,7,9,,2321,2233,,65.6,106.4,0.293,0.44,0.536,47.5,50.3,9.4,8.5,0.505,12.7,26.5,0.21
91,Florida International,29,9,20,0.31,-5.9,-1.46,,3,13,,7,8,,1,11,,2042,2100,,69.9,101.9,0.375,0.39,0.55,49.4,57.3,11.5,7.6,0.511,18.7,29.4,0.273
92,Florida State,30,16,14,0.533,8.76,6.72,,7,12,,10,5,,2,9,,2245,2184,,70.3,103.1,0.375,0.427,0.53,50.5,51.6,8.7,7.2,0.486,16.5,31.9,0.275
93,Fordham,29,11,18,0.379,-3.5,1.11,,3,13,,8,7,,2,9,,2158,2247,,70.6,108.3,0.375,0.31,0.559,49.7,48.4,10.2,10.7,0.524,15.0,29.6,0.269
94,Fresno State,30,6,24,0.2,-4.42,4.95,,2,17,,5,9,,1,13,,2123,2404,,70.7,110.1,0.229,0.433,0.559,53.8,57.5,9.3,10.2,0.538,15.5,33.5,0.164
95,Furman,31,23,8,0.742,-0.3,-3.8,,11,7,,13,3,,9,5,,2378,2121,,67.4,100.7,0.277,0.386,0.507,48.5,47.4,10.3,10.7,0.473,14.4,29.4,0.201
96,Gardner-Webb,29,10,19,0.345,-7.85,-3.23,,5,11,,5,6,,3,13,,2140,2274,,70.1,111.8,0.372,0.378,0.556,47.9,51.4,11.3,8.9,0.523,12.7,29.8,0.264
97,George Mason,29,22,7,0.759,7.67,1.14,,13,3,,16,1,,6,6,,2061,1833,,65.3,94.4,0.306,0.451,0.483,46.2,53.5,10.6,10.1,0.446,15.8,28.0,0.216
98,George Washington,30,19,11,0.633,3.0,-1.72,,8,9,,13,4,,4,6,,2196,2019,,67.5,98.5,0.271,0.392,0.509,49.8,52.7,11.4,12.9,0.476,17.0,32.2,0.197
99,Georgetown,30,17,13,0.567,9.32,5.96,,8,11,,14,5,,3,8,,2149,2048,,68.3,100.0,0.289,0.397,0.524,49.1,53.6,10.5,9.3,0.486,17.2,29.7,0.219
100,Georgia,30,19,11,0.633,17.39,10.89,,7,10,,14,3,,3,7,,2264,2069,,68.5,100.7,0.298,0.402,0.507,47.0,49.1,11.9,9.6,0.469,15.3,31.9,0.22
101,Georgia Southern,31,16,15,0.516,-7.27,-4.91,,8,10,,11,3,,4,11,,2300,2361,,70.0,107.0,0.432,0.403,0.541,50.4,51.5,9.7,12.2,0.499,15.4,32.9,0.306
102,Georgia State,31,13,18,0.419,-7.48,-2.48,,8,10,,9,6,,3,11,,2323,2433,,69.7,112.1,0.258,0.416,0.541,48.6,53.1,10.0,8.6,0.515,11.5,31.5,0.185
103,Georgia Tech,30,16,14,0.533,7.69,5.72,,10,9,,14,5,,2,8,,2242,2183,,69.3,103.3,0.29,0.399,0.523,48.8,55.1,9.6,9.2,0.49,13.9,28.8,0.209
104,Gonzaga,31,23,8,0.742,23.98,6.4,,14,4,,13,2,,8,2,,2716,2171,,70.6,98.0,0.288,0.409,0.511,45.5,48.5,7.4,8.2,0.476,15.7,26.3,0.21
105,Grambling,29,9,20,0.31,-12.87,-6.21,,6,10,,5,6,,4,12,,1957,2009,,67.5,102.1,0.314,0.339,0.528,50.3,53.0,11.5,9.6,0.492,15.7,28.7,0.228
106,Grand Canyon,28,22,6,0.786,5.77,-2.49,,12,2,,15,1,,5,3,,2179,1908,,73.0,93.3,0.307,0.35,0.499,46.8,46.8,9.2,9.1,0.458,18.1,27.6,0.226
107,Green Bay,32,4,28,0.125,-13.05,-2.38,,2,18,,3,11,,1,17,,2237,2570,,69.0,115.9,0.352,0.398,0.572,55.3,55.6,9.7,13.5,0.547,12.5,31.4,0.243
108,Hampton,31,16,15,0.516,-4.62,-3.65,,8,10,,10,4,,4,9,,2256,2165,,67.1,103.6,0.406,0.376,0.555,47.1,54.6,8.8,7.6,0.517,17.1,26.5,0.291
109,Harvard,26,11,15,0.423,-7.91,-3.47,,6,7,,6,5,,5,10,,1782,1887,,66.6,108.4,0.24,0.37,0.55,52.6,51.2,10.5,9.9,0.523,14.8,31.2,0.179
110,Hawaii,29,15,14,0.517,-2.36,-0.4,,7,11,,13,7,,2,7,,2036,2050,,66.6,105.2,0.334,0.329,0.531,45.6,40.2,11.0,8.0,0.49,12.0,24.1,0.25
111,High Point,31,26,5,0.839,5.38,-5.72,,14,2,,16,1,,7,3,,2553,2132,,67.5,101.5,0.362,0.356,0.519,45.9,44.3,7.4,8.1,0.481,15.0,28.9,0.253
112,Hofstra,31,14,17,0.452,-4.66,-2.9,,6,12,,6,7,,5,9,,2065,2021,,65.0,98.7,0.366,0.403,0.498,50.4,53.5,9.1,8.6,0.455,14.5,27.8,0.257
113,Holy Cross,32,13,19,0.406,-11.96,-6.79,,5,13,,7,6,,4,13,,2227,2307,,66.2,108.1,0.247,0.383,0.543,50.8,52.1,10.0,7.6,0.522,12.3,26.7,0.169
114,Houston,30,26,4,0.867,28.62,12.15,,18,1,,16,1,,9,0,,2235,1741,,62.2,91.4,0.356,0.434,0.493,46.1,56.2,7.5,6.5,0.453,19.3,28.7,0.248
115,Houston Christian,31,12,19,0.387,-7.75,-2.85,,9,11,,8,7,,4,12,,2063,2158,,65.4,106.4,0.291,0.318,0.548,52.6,44.1,11.3,10.1,0.521,15.7,31.2,0.205
116,Howard,30,12,18,0.4,-11.25,-6.21,,7,6,,8,5,,3,11,,2321,2366,,71.2,109.8,0.396,0.351,0.559,50.0,45.0,10.3,8.0,0.513,14.3,30.7,0.303
117,Idaho,31,13,18,0.419,-7.12,-2.75,,8,10,,8,6,,5,11,,2295,2345,,67.0,112.5,0.374,0.381,0.566,50.6,50.2,9.8,10.9,0.537,14.0,31.3,0.259
118,Idaho State,29,15,14,0.517,-2.62,-3.46,,10,8,,10,4,,5,10,,2170,2019,,66.7,103.9,0.312,0.37,0.546,43.5,53.1,8.8,9.9,0.519,16.0,25.6,0.216
119,Illinois,30,19,11,0.633,22.27,12.04,,11,8,,12,4,,5,5,,2507,2200,,72.3,100.6,0.272,0.302,0.496,44.3,44.8,8.6,8.7,0.464,11.5,26.6,0.194
120,Illinois State,31,18,13,0.581,2.18,0.18,,10,10,,12,4,,5,7,,2359,2244,,66.0,109.3,0.316,0.443,0.573,49.1,49.4,7.9,8.4,0.54,14.8,24.0,0.236
121,Illinois-Chicago,30,17,13,0.567,0.36,1.0,,10,10,,9,5,,7,6,,2307,2219,,69.3,105.0,0.321,0.359,0.539,48.0,57.7,9.7,9.7,0.507,14.5,27.1,0.228
122,Incarnate Word,31,16,15,0.516,-6.5,-5.39,,9,11,,11,5,,4,10,,2266,2133,,65.3,105.4,0.339,0.335,0.544,46.9,49.2,10.4,9.0,0.512,15.7,29.8,0.24
123,Indiana,30,18,12,0.6,14.82,11.78,,9,10,,13,4,,4,6,,2264,2173,,69.2,104.2,0.297,0.387,0.53,48.2,51.3,9.6,8.3,0.497,14.2,28.5,0.215
124,Indiana State,31,14,17,0.452,-2.94,-0.39,,8,12,,8,6,,4,9,,2478,2459,,72.4,108.3,0.372,0.383,0.56,49.2,47.6,11.0,11.3,0.525,14.3,26.4,0.266
125,Iona,30,14,16,0.467,-8.58,-7.41,,11,8,,6,7,,7,7,,2072,2107,,68.8,101.3,0.369,0.431,0.557,46.8,59.6,10.4,11.7,0.519,20.2,30.0,0.272
126,Iowa,29,15,14,0.517,12.26,9.19,,6,12,,12,5,,1,8,,2384,2295,,71.6,110.0,0.265,0.385,0.568,53.6,54.3,8.6,7.8,0.548,16.2,32.1,0.184
127,Iowa State,30,22,8,0.733,22.74,10.28,,12,7,,15,2,,5,5,,2411,2037,,69.6,95.9,0.286,0.396,0.52,47.3,53.5,10.3,9.1,0.483,19.3,28.4,0.213
128,IU Indy,32,10,22,0.313,-11.35,-4.07,,6,14,,6,8,,4,12,,2402,2458,,66.8,114.6,0.339,0.42,0.581,50.6,58.8,8.1,12.7,0.549,14.4,31.0,0.25
129,Jackson State,29,12,17,0.414,-8.74,-3.57,,12,4,,8,1,,4,15,,2068,2218,,70.6,106.5,0.318,0.418,0.55,50.6,55.6,11.8,9.4,0.519,15.6,30.8,0.228
130,Jacksonville,31,19,12,0.613,-2.74,-3.29,,12,6,,11,3,,7,8,,2245,2195,,68.8,102.5,0.331,0.382,0.535,47.5,48.9,11.3,9.0,0.504,16.7,30.1,0.231
131,Jacksonville State,30,20,10,0.667,1.86,0.12,,12,5,,12,1,,7,7,,2239,2057,,66.2,102.7,0.259,0.42,0.505,46.1,51.2,8.6,8.6,0.477,11.3,25.8,0.181
132,James Madison,31,20,11,0.645,-0.93,-2.58,,13,5,,13,2,,5,8,,2305,2177,,65.9,105.6,0.326,0.349,0.531,48.3,41.0,8.8,7.0,0.497,13.5,28.7,0.233
133,Kansas,30,19,11,0.633,20.92,13.29,,10,9,,13,3,,4,8,,2257,2028,,69.0,97.2,0.272,0.41,0.487,47.5,53.5,10.7,8.8,0.452,13.6,27.7,0.195
134,Kansas City,31,12,19,0.387,-5.29,-2.18,,4,12,,9,5,,2,12,,2252,2092,,66.5,101.5,0.337,0.419,0.532,46.5,49.3,9.4,7.8,0.498,16.5,28.6,0.238
135,Kansas State,29,14,15,0.483,11.26,9.19,,8,10,,10,5,,2,9,,2099,2039,,68.3,102.5,0.288,0.355,0.527,51.3,55.1,9.9,10.2,0.492,16.1,32.5,0.213
136,Kennesaw State,30,17,13,0.567,0.51,1.07,,9,8,,12,3,,4,8,,2293,2189,,72.1,100.4,0.407,0.379,0.514,45.6,51.6,11.6,11.3,0.472,14.1,26.5,0.283
137,Kent State,30,20,10,0.667,1.7,-2.7,,10,7,,10,4,,8,5,,2220,2048,,67.6,100.6,0.398,0.405,0.531,46.4,56.8,9.4,8.3,0.482,16.9,28.8,0.298
138,Kentucky,30,20,10,0.667,22.67,13.84,,9,8,,15,3,,3,6,,2569,2304,,72.3,105.8,0.311,0.438,0.532,47.5,46.8,8.4,8.0,0.499,12.5,26.1,0.223
139,La Salle,29,12,17,0.414,-4.12,1.28,,4,12,,9,5,,2,9,,2085,2176,,69.8,107.0,0.283,0.413,0.55,49.9,55.3,8.7,8.5,0.524,14.8,28.7,0.198
140,Lafayette,32,13,19,0.406,-9.71,-7.87,,7,11,,10,6,,3,13,,2192,2203,,65.9,103.3,0.272,0.378,0.531,51.5,54.4,9.1,6.5,0.5,15.1,28.0,0.201
141,Lamar,31,19,12,0.613,-2.23,-2.94,,14,6,,10,4,,9,6,,2194,2052,,66.9,98.5,0.334,0.378,0.502,48.0,56.3,11.2,8.9,0.471,16.1,31.6,0.222
142,Le Moyne,31,9,22,0.29,-17.12,-7.98,,4,12,,6,7,,2,15,,2304,2480,,69.1,112.7,0.368,0.411,0.569,52.1,56.8,10.5,9.0,0.535,14.4,31.9,0.267
143,Lehigh,30,11,19,0.367,-9.8,-6.23,,6,12,,8,5,,3,14,,2110,2143,,67.3,105.2,0.33,0.359,0.537,52.5,47.1,9.3,7.9,0.501,14.1,27.7,0.242
144,Liberty,29,23,6,0.793,7.24,-1.57,,11,5,,12,3,,7,2,,2186,1790,,67.2,91.4,0.23,0.347,0.481,50.6,40.1,9.0,8.5,0.448,16.5,25.6,0.172
145,Lindenwood,31,15,16,0.484,-12.85,-6.74,,10,10,,11,3,,3,12,,2220,2220,,70.7,99.7,0.334,0.38,0.525,50.7,50.3,10.5,10.6,0.49,17.8,30.5,0.236
146,Lipscomb,32,23,9,0.719,5.2,-4.84,,14,4,,13,3,,10,6,,2540,2149,,68.3,98.3,0.211,0.381,0.505,48.4,38.6,8.8,9.6,0.485,14.6,25.7,0.141
147,Little Rock,31,18,13,0.581,-6.0,-7.34,,12,8,,9,5,,9,7,,2146,2064,,68.2,96.8,0.375,0.434,0.503,52.0,57.5,12.1,7.1,0.458,18.5,35.0,0.269
148,Long Beach State,30,7,23,0.233,-9.83,-0.11,,3,15,,3,10,,4,10,,2020,2221,,65.8,111.1,0.357,0.362,0.558,52.2,48.8,10.5,7.6,0.523,15.1,34.8,0.26
149,Long Island University,31,16,15,0.516,-10.38,-9.03,,12,4,,9,4,,7,9,,2099,2028,,65.7,97.6,0.435,0.404,0.524,47.9,61.1,10.9,9.8,0.47,18.0,27.7,0.324
150,Longwood,31,18,13,0.581,-3.96,-4.71,,7,9,,12,4,,5,7,,2425,2283,,70.4,104.6,0.365,0.422,0.571,47.9,50.1,9.8,7.4,0.545,18.7,28.0,0.248
151,Louisiana,32,12,20,0.375,-9.92,-1.85,,8,10,,5,12,,6,5,,2110,2343,,66.9,108.6,0.445,0.378,0.556,55.3,48.9,9.4,11.6,0.512,16.6,34.9,0.323
152,Louisiana State,30,14,16,0.467,11.23,9.53,,3,14,,11,6,,2,8,,2249,2198,,69.6,104.0,0.295,0.355,0.511,51.1,47.9,11.4,9.7,0.478,13.9,34.2,0.208
153,Louisiana Tech,29,19,10,0.655,1.96,-0.31,,8,8,,10,3,,5,7,,2158,1986,,67.0,101.4,0.287,0.398,0.512,46.8,49.5,10.5,8.3,0.48,13.7,27.3,0.203
154,Louisiana-Monroe,32,7,25,0.219,-14.71,-3.91,,3,15,,5,11,,2,12,,2205,2417,,68.7,109.1,0.243,0.453,0.547,50.9,58.7,11.0,9.4,0.524,14.1,31.2,0.172
155,Louisville,29,23,6,0.793,19.29,9.01,,16,2,,12,3,,9,2,,2306,2008,,69.4,99.4,0.264,0.393,0.527,46.9,46.3,9.1,9.5,0.5,16.9,26.4,0.186
156,Loyola (IL),29,19,10,0.655,2.58,-0.1,,10,6,,15,1,,4,5,,2143,2016,,67.7,101.3,0.339,0.402,0.53,48.6,50.4,9.7,9.2,0.493,16.3,27.7,0.243
157,Loyola (MD),30,12,18,0.4,-11.51,-8.17,,6,12,,7,7,,5,11,,2073,2129,,67.2,105.6,0.29,0.354,0.554,49.8,51.7,10.9,6.9,0.522,15.7,27.7,0.216
158,Loyola Marymount,30,16,14,0.533,1.58,3.75,,8,10,,11,6,,3,8,,2102,2122,,68.3,103.6,0.278,0.357,0.518,53.1,49.7,7.6,6.2,0.478,13.7,30.2,0.215
159,Maine,31,18,13,0.581,-6.05,-7.95,,10,6,,9,3,,7,10,,2221,2063,,67.1,98.7,0.291,0.364,0.525,53.6,55.6,8.7,7.2,0.494,18.8,31.7,0.208
160,Manhattan,27,15,12,0.556,-7.64,-8.1,,10,8,,7,5,,8,7,,2047,2018,,67.2,108.7,0.261,0.419,0.539,49.5,59.1,10.6,11.4,0.511,13.5,32.0,0.19
161,Marist,27,20,7,0.741,-7.38,-10.38,,13,5,,11,3,,9,4,,1816,1735,,64.3,98.6,0.339,0.353,0.505,47.2,44.3,10.4,6.6,0.464,14.3,25.5,0.245
162,Marquette,29,22,7,0.759,19.81,9.57,,13,5,,14,2,,7,5,,2235,1938,,67.9,98.0,0.303,0.411,0.531,50.7,60.5,8.3,9.0,0.499,19.6,30.4,0.218
163,Marshall,31,19,12,0.613,-1.92,-4.34,,12,6,,14,3,,5,9,,2346,2213,,69.2,102.8,0.396,0.326,0.531,48.5,40.8,9.0,8.2,0.492,15.6,29.1,0.279
164,Maryland,29,22,7,0.759,23.04,7.76,,12,6,,16,2,,4,5,,2382,1939,,70.6,94.3,0.262,0.361,0.505,47.0,48.3,7.2,6.0,0.472,17.5,26.3,0.192
165,Maryland-Baltimore County,31,13,18,0.419,-10.89,-7.82,,5,11,,8,9,,5,9,,2485,2437,,71.5,108.2,0.277,0.349,0.548,54.3,44.6,8.7,7.7,0.524,15.2,32.6,0.193
166,Maryland-Eastern Shore,29,6,23,0.207,-20.74,-3.82,,2,11,,5,7,,1,16,,1952,2258,,68.9,112.9,0.377,0.387,0.567,52.5,55.2,10.3,7.8,0.535,13.7,31.8,0.267
167,Massachusetts,29,12,17,0.414,-1.59,0.88,,7,9,,8,7,,4,6,,2139,2174,,71.1,103.7,0.355,0.396,0.529,48.6,56.9,9.0,8.7,0.492,15.3,30.5,0.254
168,Massachusetts-Lowell,31,17,14,0.548,-6.67,-6.92,,6,10,,14,4,,3,10,,2479,2299,,70.5,104.3,0.233,0.356,0.521,48.0,44.3,10.3,8.4,0.498,12.8,27.8,0.162
169,McNeese State,31,25,6,0.806,9.04,-1.99,,19,1,,13,1,,10,2,,2403,1995,,66.6,96.7,0.308,0.462,0.515,46.8,55.8,9.7,8.3,0.48,19.1,30.3,0.221
170,Memphis,30,25,5,0.833,13.27,6.51,,15,2,,12,2,,11,2,,2396,2193,,70.9,101.8,0.326,0.403,0.521,48.6,54.4,10.6,9.6,0.486,16.4,32.7,0.233
171,Mercer,31,13,18,0.419,-7.82,-4.75,,6,12,,7,6,,5,11,,2383,2343,,72.6,102.8,0.321,0.45,0.529,49.5,55.4,10.9,9.0,0.495,15.5,28.4,0.231
172,Mercyhurst,31,15,16,0.484,-15.07,-9.1,,9,7,,11,2,,4,14,,2105,2167,,65.4,105.6,0.385,0.394,0.571,55.2,54.8,8.7,8.0,0.536,19.0,32.2,0.277
173,Merrimack,30,16,14,0.533,-4.57,-5.3,,13,6,,8,5,,8,8,,1970,1948,,64.9,99.6,0.3,0.359,0.508,58.5,59.8,7.9,8.9,0.473,18.9,38.8,0.213
174,Miami (FL),30,6,24,0.2,0.6,7.53,,2,17,,6,10,,0,10,,2222,2430,,67.5,118.9,0.284,0.396,0.602,51.9,55.8,9.1,8.2,0.578,13.2,31.0,0.21
175,Miami (OH),30,22,8,0.733,-1.11,-5.29,,13,4,,14,1,,6,7,,2434,2192,,70.7,102.8,0.337,0.408,0.554,49.5,50.5,10.2,9.3,0.522,18.2,28.2,0.241
176,Michigan,29,22,7,0.759,20.01,11.84,,14,4,,13,2,,7,2,,2308,2071,,70.7,100.1,0.275,0.383,0.502,46.7,43.6,10.3,7.0,0.47,14.4,30.1,0.196
177,Michigan State,29,24,5,0.828,22.24,10.9,,15,3,,14,1,,7,2,,2261,1932,,69.1,96.1,0.321,0.412,0.496,43.2,53.3,8.8,7.7,0.457,14.5,24.9,0.23
178,Middle Tennessee,29,20,9,0.69,2.9,1.53,,11,5,,10,3,,8,5,,2201,2070,,69.6,101.7,0.307,0.365,0.514,48.5,49.2,9.0,8.9,0.476,14.4,28.8,0.226
179,Milwaukee,31,21,10,0.677,0.84,-3.71,,14,6,,13,2,,7,8,,2446,2223,,69.9,101.7,0.325,0.387,0.544,42.9,51.4,9.8,10.5,0.51,16.8,26.0,0.235
180,Minnesota,29,15,14,0.517,8.81,9.85,,7,11,,10,8,,5,4,,1980,2010,,63.6,107.1,0.324,0.344,0.54,50.5,60.6,8.6,9.9,0.502,14.2,30.4,0.243
181,Mississippi,29,20,9,0.69,17.97,11.11,,9,7,,12,3,,5,5,,2258,2059,,69.4,101.4,0.397,0.431,0.538,53.2,57.2,8.2,11.5,0.498,18.0,30.4,0.281
182,Mississippi State,30,20,10,0.667,17.5,11.87,,8,9,,10,5,,6,4,,2376,2207,,69.4,104.6,0.342,0.443,0.546,47.9,53.2,8.9,8.5,0.516,16.6,29.4,0.236
183,Mississippi Valley State,29,3,26,0.103,-35.33,-3.74,,1,15,,2,7,,1,19,,1552,2368,,66.6,122.7,0.368,0.396,0.596,56.8,54.7,14.7,9.9,0.573,13.0,37.2,0.254
184,Missouri,29,21,8,0.724,21.29,8.47,,10,6,,18,1,,3,6,,2454,2082,,69.7,102.6,0.337,0.38,0.538,48.9,47.7,9.2,10.6,0.498,17.9,32.2,0.254
185,Missouri State,31,9,22,0.29,-3.3,0.77,,2,18,,7,8,,1,12,,2121,2198,,64.7,106.6,0.376,0.393,0.568,48.7,53.9,10.1,11.4,0.534,17.2,28.6,0.269
186,Monmouth,31,12,19,0.387,-8.22,-2.74,,10,8,,8,2,,4,14,,2178,2348,,67.6,111.1,0.362,0.412,0.547,52.5,55.4,9.3,9.9,0.509,14.0,34.8,0.264
187,Montana,31,22,9,0.71,-1.87,-1.29,,15,3,,15,1,,7,8,,2371,2277,,68.0,107.6,0.298,0.343,0.547,50.8,47.7,8.3,8.3,0.515,14.1,28.5,0.22
188,Montana State,31,14,17,0.452,-1.95,-2.12,,9,9,,11,3,,3,14,,2229,2166,,66.7,104.3,0.318,0.318,0.526,52.6,46.9,8.4,7.7,0.484,13.7,28.6,0.244
189,Morehead State,31,15,16,0.484,-13.01,-6.94,,10,10,,9,5,,6,10,,2051,2126,,65.6,104.1,0.321,0.343,0.538,46.4,47.0,9.9,8.7,0.501,13.7,23.5,0.239
190,Morgan State,29,13,16,0.448,-14.56,-7.56,,7,6,,11,4,,2,12,,2338,2354,,73.1,110.2,0.388,0.346,0.545,50.3,54.1,10.2,7.7,0.514,15.3,36.3,0.263
191,Mount St. Mary's,29,18,11,0.621,-8.51,-7.15,,11,7,,9,4,,9,7,,2078,2080,,68.5,102.9,0.273,0.443,0.52,47.0,51.6,13.2,8.5,0.488,14.5,28.8,0.198
192,Murray State,31,15,16,0.484,0.67,0.67,,9,11,,7,5,,6,8,,2235,2159,,66.0,103.0,0.344,0.32,0.545,49.2,37.9,8.8,10.2,0.506,16.2,26.6,0.255
193,Navy,31,13,18,0.419,-9.27,-8.31,,10,8,,9,5,,4,11,,2186,2164,,66.9,103.9,0.326,0.409,0.543,48.2,51.0,8.3,9.0,0.512,15.6,26.4,0.229
194,NC State,29,11,18,0.379,5.73,6.8,,4,14,,11,6,,0,10,,2017,2048,,65.6,107.2,0.324,0.327,0.55,53.0,48.6,7.7,8.0,0.511,16.1,33.1,0.248
195,Nebraska,30,17,13,0.567,13.75,10.65,,7,12,,10,5,,5,7,,2269,2176,,68.9,103.5,0.27,0.463,0.533,50.4,53.4,8.4,8.9,0.506,15.7,29.0,0.191
196,Nevada,30,16,14,0.533,10.64,5.64,,8,11,,11,6,,3,7,,2180,2030,,64.8,103.6,0.375,0.451,0.548,49.3,62.4,8.7,7.5,0.51,16.9,26.8,0.272
197,Nevada-Las Vegas,30,17,13,0.567,7.66,5.86,,11,8,,12,5,,5,6,,2092,2038,,66.0,102.9,0.321,0.434,0.526,51.0,61.2,8.2,8.5,0.491,15.6,30.0,0.229
198,New Hampshire,31,8,23,0.258,-19.34,-6.82,,6,10,,6,7,,2,14,,2067,2386,,69.2,111.2,0.323,0.399,0.562,51.8,53.1,10.7,12.5,0.534,14.4,30.5,0.229
199,New Mexico,30,24,6,0.8,15.35,5.98,,16,3,,15,1,,7,4,,2468,2144,,73.7,96.2,0.351,0.378,0.523,47.1,59.7,9.6,9.7,0.495,18.3,25.2,0.231
200,New Mexico State,29,16,13,0.552,1.46,1.04,,9,7,,9,6,,7,5,,2016,1899,,67.6,96.4,0.389,0.417,0.495,47.2,51.4,9.5,9.6,0.453,14.5,27.3,0.267
201,New Orleans,31,4,27,0.129,-15.04,-0.49,,2,18,,0,11,,3,15,,2105,2556,,69.5,117.6,0.266,0.424,0.573,52.3,58.5,11.0,11.1,0.549,13.5,35.5,0.192
202,Niagara,29,10,19,0.345,-12.71,-7.86,,5,13,,6,7,,2,12,,1968,2069,,65.2,108.5,0.309,0.388,0.569,51.9,56.8,10.3,9.0,0.533,15.6,27.5,0.238
203,Nicholls State,31,19,12,0.613,-1.83,-2.15,,13,7,,11,4,,8,8,,2314,2168,,69.1,100.8,0.343,0.373,0.513,49.9,49.5,9.2,11.3,0.475,15.4,30.5,0.243
204,NJIT,31,6,25,0.194,-17.26,-7.19,,3,13,,4,9,,1,16,,2023,2269,,67.1,108.6,0.381,0.347,0.528,51.4,50.2,8.7,10.0,0.493,11.9,31.4,0.26
205,Norfolk State,30,20,10,0.667,-2.96,-6.56,,10,3,,11,1,,7,9,,2345,2086,,68.3,101.0,0.358,0.42,0.523,48.3,58.3,9.9,8.2,0.486,16.6,31.6,0.252
206,North Alabama,32,23,9,0.719,1.84,-5.49,,14,4,,15,1,,7,8,,2548,2261,,67.8,103.4,0.259,0.427,0.525,47.8,51.2,7.1,8.6,0.501,14.9,29.6,0.177
207,North Carolina,31,20,11,0.645,16.61,10.45,,13,6,,12,2,,6,6,,2544,2353,,71.1,105.9,0.299,0.382,0.535,47.6,48.4,8.5,10.3,0.499,13.2,27.2,0.225
208,North Carolina A&T,31,7,24,0.226,-12.28,-3.75,,3,15,,5,9,,2,15,,2158,2362,,69.6,109.4,0.309,0.381,0.546,52.4,56.7,8.2,9.5,0.51,13.5,30.8,0.231
209,North Carolina Central,30,13,17,0.433,-11.82,-7.74,,6,7,,10,4,,2,12,,2383,2249,,70.3,104.9,0.422,0.344,0.565,49.6,47.5,8.3,7.8,0.526,19.7,35.0,0.304
210,North Dakota,31,11,20,0.355,-7.49,-1.17,,5,11,,8,6,,2,12,,2396,2470,,70.3,113.4,0.313,0.4,0.582,48.3,47.2,8.9,9.3,0.553,13.8,27.7,0.232
211,North Dakota State,31,21,10,0.677,1.91,-2.98,,10,6,,11,4,,8,6,,2511,2301,,66.2,110.4,0.263,0.392,0.536,48.7,41.6,8.7,8.7,0.511,10.2,28.0,0.183
212,North Florida,32,15,17,0.469,-7.78,-3.05,,8,10,,8,6,,7,10,,2651,2712,,73.2,114.4,0.304,0.306,0.562,52.9,52.3,9.5,12.8,0.534,12.7,33.4,0.218
213,North Texas,28,22,6,0.786,8.98,1.06,,13,3,,14,1,,7,4,,1910,1655,,61.1,96.7,0.372,0.379,0.515,45.9,46.3,10.4,9.0,0.468,17.4,26.0,0.276
214,Northeastern,31,17,14,0.548,-4.02,-4.63,,9,9,,8,5,,7,8,,2178,2159,,67.2,103.6,0.301,0.347,0.531,49.9,48.3,10.4,10.0,0.503,15.7,31.1,0.208
215,Northern Arizona,31,17,14,0.548,-5.98,-5.21,,8,10,,10,5,,7,8,,2372,2223,,68.1,105.3,0.316,0.385,0.549,45.8,52.4,8.3,8.6,0.518,13.9,23.2,0.228
216,Northern Colorado,31,23,8,0.742,1.01,-3.46,,15,3,,13,2,,9,6,,2519,2275,,69.1,104.9,0.326,0.345,0.552,47.1,38.4,8.7,9.2,0.519,14.3,22.1,0.238
217,Northern Illinois,30,5,25,0.167,-16.8,-4.21,,1,16,,5,10,,0,15,,2116,2302,,71.1,107.5,0.417,0.388,0.555,55.8,54.3,9.1,8.7,0.516,15.4,29.1,0.298
218,Northern Iowa,31,20,11,0.645,5.83,0.36,,14,6,,14,3,,5,5,,2292,2086,,65.6,102.2,0.283,0.416,0.538,48.6,44.1,10.1,6.8,0.511,15.9,25.2,0.199
219,Northern Kentucky,32,17,15,0.531,-4.52,-2.99,,11,9,,12,6,,5,9,,2308,2309,,67.5,105.2,0.29,0.407,0.552,50.8,53.6,9.7,8.4,0.523,17.5,32.0,0.212
220,Northwestern,30,16,14,0.533,14.8,10.8,,7,12,,12,5,,2,8,,2194,2074,,66.0,103.0,0.357,0.392,0.542,49.8,61.8,7.9,8.7,0.502,17.3,29.6,0.265
221,Northwestern State,30,15,15,0.5,-4.95,-1.63,,12,8,,9,5,,6,10,,2016,2058,,65.0,104.7,0.322,0.395,0.523,49.1,50.7,11.3,11.3,0.49,15.3,33.0,0.228
222,Notre Dame,29,12,17,0.414,7.64,6.95,,6,12,,9,5,,3,9,,2118,2098,,65.6,108.9,0.304,0.405,0.554,47.9,55.5,9.1,9.3,0.52,13.4,26.4,0.23
223,Oakland,32,15,17,0.469,-2.88,-0.88,,11,9,,9,4,,5,11,,2254,2293,,64.6,108.8,0.274,0.417,0.541,48.9,60.9,9.3,9.7,0.51,13.8,32.6,0.204
224,Ohio,30,16,14,0.533,-1.41,-3.93,,10,7,,12,3,,3,9,,2387,2263,,71.7,104.7,0.346,0.335,0.545,51.8,48.6,9.4,8.4,0.515,16.0,28.6,0.239
225,Ohio State,30,17,13,0.567,18.84,12.77,,9,10,,11,6,,4,6,,2392,2210,,68.8,104.5,0.4,0.374,0.533,50.1,47.1,6.0,8.7,0.484,14.6,30.4,0.3
226,Oklahoma,29,17,12,0.586,14.51,10.68,,4,12,,11,5,,1,7,,2265,2154,,70.0,106.1,0.358,0.417,0.546,51.1,47.0,10.6,10.8,0.508,15.9,31.4,0.262
227,Oklahoma State,29,14,15,0.483,7.03,10.62,,6,12,,11,3,,2,9,,2107,2211,,71.5,106.6,0.37,0.441,0.571,49.3,55.0,10.9,11.0,0.54,18.0,28.5,0.261
228,Old Dominion,31,12,19,0.387,-10.46,-3.91,,8,10,,7,9,,5,7,,2125,2261,,66.7,108.5,0.343,0.359,0.542,48.7,50.8,9.7,9.1,0.511,13.9,31.6,0.238
229,Omaha,31,19,12,0.613,-2.14,-2.59,,13,3,,11,2,,7,9,,2399,2340,,68.9,109.5,0.371,0.435,0.567,48.2,51.7,8.5,8.2,0.533,13.7,25.2,0.267
230,Oral Roberts,29,7,22,0.241,-10.84,-0.16,,3,13,,7,7,,0,15,,2144,2283,,68.6,114.3,0.357,0.407,0.576,53.5,53.0,8.6,10.1,0.537,13.1,30.6,0.274
231,Oregon,30,22,8,0.733,17.65,12.18,,11,8,,12,4,,6,4,,2299,2135,,68.7,102.7,0.27,0.384,0.526,48.7,48.8,8.7,9.2,0.495,15.6,29.5,0.198
232,Oregon State,31,20,11,0.645,9.61,2.64,,10,8,,15,3,,3,7,,2368,2123,,65.0,104.1,0.309,0.409,0.536,46.7,57.1,9.1,7.1,0.503,15.0,28.4,0.223
233,Pacific,32,9,23,0.281,-6.42,2.95,,4,14,,5,10,,2,13,,2218,2419,,68.0,110.3,0.362,0.406,0.562,49.2,60.6,10.2,8.5,0.52,13.4,27.0,0.276
234,Penn State,30,15,15,0.5,13.23,7.53,,5,14,,11,6,,2,8,,2366,2195,,70.9,103.2,0.296,0.38,0.551,49.8,64.5,10.5,8.8,0.522,17.7,29.2,0.213
235,Pennsylvania,26,8,18,0.308,-9.44,-2.25,,4,9,,5,8,,3,9,,1807,1994,,67.4,113.2,0.261,0.385,0.554,51.7,53.0,8.6,9.9,0.522,11.6,30.2,0.202
236,Pepperdine,31,10,21,0.323,-3.78,2.45,,4,14,,7,9,,2,11,,2260,2385,,69.9,110.0,0.263,0.384,0.553,50.2,51.8,9.2,8.6,0.521,13.4,29.0,0.202
237,Pittsburgh,29,16,13,0.552,14.14,9.17,,7,11,,12,4,,3,8,,2218,2074,,67.0,105.9,0.326,0.409,0.548,50.5,52.1,7.9,7.9,0.514,15.8,29.8,0.236
238,Portland,31,12,19,0.387,-6.57,2.77,,7,11,,9,7,,3,9,,2261,2488,,69.5,113.6,0.216,0.41,0.56,51.9,57.2,10.7,8.7,0.539,11.7,29.1,0.158
239,Portland State,31,19,12,0.613,-3.34,-4.59,,11,7,,13,1,,5,10,,2348,2147,,69.9,98.7,0.329,0.377,0.525,47.3,53.3,9.5,7.5,0.485,18.0,29.2,0.244
240,Prairie View,30,5,25,0.167,-18.86,-6.76,,4,13,,3,6,,2,19,,2152,2482,,71.9,115.1,0.415,0.327,0.591,58.4,50.8,8.6,9.1,0.564,17.1,38.9,0.287
241,Presbyterian,31,14,17,0.452,-6.36,-4.33,,7,9,,8,5,,4,12,,2310,2189,,66.7,105.0,0.379,0.345,0.545,49.4,46.6,9.5,8.4,0.511,16.0,29.5,0.266
242,Princeton,28,18,10,0.643,-3.31,-2.08,,7,6,,8,4,,7,4,,2057,2032,,68.9,105.4,0.31,0.408,0.562,49.9,51.7,9.7,12.6,0.528,16.0,24.5,0.233
243,Providence,29,12,17,0.414,8.05,8.74,,6,12,,10,5,,2,8,,2069,2089,,66.6,107.7,0.337,0.367,0.526,47.6,48.1,10.8,9.8,0.488,11.8,29.0,0.243
244,Purdue,30,21,9,0.7,21.84,13.67,,13,6,,14,2,,5,5,,2346,2101,,66.6,105.2,0.306,0.424,0.547,48.6,57.0,9.3,9.0,0.517,16.0,29.7,0.219
245,Purdue Fort Wayne,31,19,12,0.613,-0.68,-4.03,,12,8,,12,2,,6,9,,2516,2316,,70.3,105.0,0.283,0.398,0.558,54.8,49.4,7.8,9.4,0.529,18.1,31.9,0.208
246,Queens (NC),32,19,13,0.594,-4.65,-4.61,,11,7,,9,5,,9,8,,2452,2364,,70.2,104.5,0.314,0.376,0.533,48.5,46.4,11.3,10.6,0.504,14.8,28.6,0.218
247,Quinnipiac,29,18,11,0.621,-4.96,-6.78,,14,4,,11,2,,7,9,,2135,2060,,71.9,98.4,0.283,0.392,0.517,45.6,58.6,11.2,11.7,0.486,15.5,25.1,0.201
248,Radford,31,19,12,0.613,-2.45,-3.14,,9,7,,10,3,,7,9,,2294,2169,,65.3,106.7,0.358,0.404,0.546,46.7,47.7,9.5,8.4,0.503,15.0,28.5,0.273
249,Rhode Island,28,17,11,0.607,2.48,-0.26,,6,10,,13,3,,1,8,,2188,2082,,71.1,103.3,0.285,0.391,0.521,48.6,51.9,11.6,11.3,0.49,13.9,28.3,0.204
250,Rice,30,13,17,0.433,-1.4,-1.68,,4,13,,7,7,,4,8,,2129,2122,,66.0,106.3,0.353,0.37,0.522,47.5,48.1,11.0,9.7,0.483,12.2,29.0,0.254
251,Richmond,30,10,20,0.333,-4.99,2.15,,5,12,,6,8,,2,11,,2012,2169,,64.9,108.6,0.358,0.476,0.552,53.5,51.4,8.9,9.4,0.516,13.7,27.3,0.26
252,Rider,29,11,18,0.379,-12.42,-6.35,,7,11,,3,7,,8,11,,1914,2090,,65.4,110.1,0.269,0.412,0.554,50.0,55.5,10.0,9.1,0.533,13.9,31.0,0.183
253,Robert Morris,31,23,8,0.742,-0.66,-5.83,,15,5,,15,2,,8,6,,2362,2179,,68.9,100.4,0.297,0.351,0.527,46.6,50.2,10.4,9.1,0.495,16.6,28.8,0.214
254,Rutgers,30,14,16,0.467,10.63,11.2,,7,12,,10,5,,3,8,,2301,2318,,69.6,110.1,0.296,0.381,0.554,50.8,51.5,8.1,8.9,0.529,14.6,32.2,0.206
255,Sacramento State,31,7,24,0.226,-13.08,-3.15,,3,15,,5,11,,2,13,,2049,2174,,66.2,105.9,0.374,0.46,0.557,49.8,58.9,11.4,9.7,0.523,15.9,26.5,0.266
256,Sacred Heart,29,14,15,0.483,-8.19,-7.84,,10,8,,8,5,,5,9,,2207,2177,,70.1,107.1,0.278,0.431,0.55,48.8,58.9,10.3,10.3,0.519,15.2,28.8,0.207
257,Saint Francis (PA),30,13,17,0.433,-12.97,-6.56,,8,8,,9,4,,4,13,,2172,2197,,67.4,106.4,0.277,0.435,0.54,49.7,51.8,11.7,9.0,0.508,13.9,28.0,0.205
258,Saint Joseph's,29,19,10,0.655,8.7,1.15,,10,6,,12,4,,4,5,,2185,1966,,68.3,98.8,0.261,0.334,0.499,48.0,51.2,9.9,8.6,0.463,13.9,27.4,0.196
259,Saint Louis,30,17,13,0.567,4.63,2.67,,10,7,,13,3,,4,8,,2212,2085,,68.4,101.2,0.253,0.389,0.504,49.6,47.5,10.4,11.8,0.475,13.2,27.5,0.178
260,Saint Mary's (CA),31,27,4,0.871,18.16,5.62,,17,1,,16,1,,9,1,,2301,1885,,63.8,94.6,0.25,0.315,0.493,42.6,55.0,8.0,7.3,0.458,15.2,24.7,0.187
261,Saint Peter's,26,11,15,0.423,-9.76,-7.48,,6,12,,5,5,,6,10,,1710,1702,,64.9,100.4,0.375,0.38,0.513,46.6,49.9,10.5,11.8,0.47,15.9,31.4,0.269
262,Sam Houston,29,11,18,0.379,-2.49,1.97,,4,12,,7,4,,3,13,,2181,2198,,69.2,108.1,0.326,0.422,0.552,49.5,53.4,9.9,8.4,0.521,15.4,30.6,0.233
263,Samford,31,22,9,0.71,2.36,-3.84,,12,6,,13,3,,9,6,,2589,2311,,72.0,102.7,0.4,0.438,0.551,49.4,59.7,11.1,10.4,0.516,19.4,33.2,0.28
264,San Diego,31,5,26,0.161,-7.38,2.55,,2,16,,5,13,,0,12,,2159,2452,,71.4,110.7,0.459,0.383,0.574,52.1,56.1,9.6,9.2,0.532,16.0,31.5,0.335
265,San Diego State,28,20,8,0.714,13.8,7.98,,13,6,,11,3,,6,4,,1994,1786,,66.4,95.2,0.364,0.461,0.491,49.6,51.4,8.8,8.3,0.449,17.3,31.3,0.254
266,San Francisco,31,23,8,0.742,10.92,3.79,,13,5,,16,2,,5,5,,2343,2113,,68.5,99.1,0.356,0.356,0.52,49.7,46.2,9.6,7.7,0.483,16.4,28.3,0.249
267,San Jose State,31,13,18,0.419,0.18,4.73,,6,13,,6,8,,3,9,,2245,2303,,66.9,109.7,0.27,0.368,0.548,51.3,53.4,8.7,8.2,0.523,13.9,31.1,0.19
268,Santa Clara,31,20,11,0.645,14.12,5.34,,12,6,,11,4,,6,5,,2525,2253,,70.0,102.5,0.324,0.397,0.528,46.7,56.5,8.5,10.9,0.492,14.9,27.0,0.234
269,Seattle,28,11,17,0.393,0.54,0.04,,6,8,,9,5,,2,11,,1998,1890,,67.9,99.4,0.37,0.389,0.546,49.1,56.3,9.7,10.6,0.514,18.5,25.8,0.255
270,Seton Hall,30,7,23,0.233,0.66,8.43,,2,17,,5,11,,0,10,,1865,2098,,64.8,106.7,0.39,0.446,0.579,51.6,59.1,10.5,10.9,0.545,19.2,30.9,0.282
271,Siena,29,13,16,0.448,-6.23,-6.71,,8,10,,8,5,,4,9,,2101,2087,,67.6,104.7,0.321,0.346,0.552,51.5,50.6,10.2,9.5,0.517,16.4,30.3,0.238
272,South Alabama,31,21,10,0.677,1.79,-4.14,,13,5,,13,4,,8,6,,2263,1992,,64.2,97.8,0.231,0.595,0.508,50.7,69.2,8.7,10.1,0.483,18.3,31.4,0.162
273,South Carolina,30,12,18,0.4,10.22,11.52,,2,15,,10,8,,1,9,,2100,2139,,66.8,105.8,0.302,0.343,0.542,48.4,48.9,11.8,13.8,0.512,13.8,27.4,0.216
274,South Carolina State,29,17,12,0.586,-4.42,-7.96,,10,3,,9,2,,7,10,,2316,2057,,71.6,98.2,0.463,0.345,0.535,47.5,54.5,10.3,6.9,0.494,19.9,31.1,0.318
275,South Carolina Upstate,31,6,25,0.194,-14.89,-2.18,,2,14,,4,10,,2,14,,2330,2590,,74.1,112.8,0.392,0.404,0.58,52.5,47.2,10.9,7.6,0.548,14.7,30.5,0.278
276,South Dakota,31,18,13,0.581,-4.76,-3.26,,9,7,,14,2,,4,11,,2652,2579,,74.5,111.6,0.336,0.393,0.562,52.3,51.1,6.4,8.3,0.53,15.4,35.1,0.243
277,South Dakota State,31,20,11,0.645,3.49,-1.19,,11,5,,13,1,,4,8,,2477,2267,,69.6,105.1,0.277,0.466,0.535,43.4,45.8,10.2,6.9,0.501,12.1,22.3,0.209
278,South Florida,30,13,17,0.433,-1.63,-0.25,,6,11,,9,6,,2,9,,2245,2228,,69.7,105.7,0.361,0.377,0.534,52.3,54.6,9.1,9.5,0.492,16.0,33.2,0.268
279,Southeast Missouri State,31,20,11,0.645,-4.3,-7.55,,15,5,,12,3,,8,7,,2316,2084,,69.7,95.6,0.402,0.329,0.51,50.4,41.4,8.3,6.9,0.462,17.1,26.6,0.291
280,Southeastern Louisiana,31,18,13,0.581,-3.71,-4.54,,12,8,,8,4,,9,8,,2257,2161,,67.8,102.4,0.364,0.431,0.538,48.4,50.5,9.0,9.8,0.508,16.8,28.5,0.245
281,Southern,29,19,10,0.655,-6.15,-6.95,,14,2,,10,0,,9,10,,2194,1996,,71.1,96.3,0.426,0.398,0.53,46.7,58.7,9.6,11.4,0.49,19.4,27.4,0.295
282,Southern California,29,14,15,0.483,12.25,10.91,,6,12,,11,7,,3,6,,2214,2175,,69.4,108.0,0.359,0.383,0.561,50.9,56.5,9.8,9.3,0.519,15.6,30.6,0.274
283,Southern Illinois,31,13,18,0.419,-1.79,1.18,,8,12,,7,8,,5,7,,2266,2303,,68.6,107.4,0.334,0.396,0.549,48.4,52.7,10.4,8.2,0.516,14.1,27.6,0.24
284,SIU Edwardsville,31,20,11,0.645,-6.36,-8.36,,13,7,,12,3,,7,8,,2256,2065,,68.2,97.0,0.318,0.391,0.505,48.3,50.0,9.2,7.2,0.47,16.4,28.2,0.223
285,Southern Indiana,30,10,20,0.333,-13.47,-8.01,,5,15,,8,7,,2,13,,2144,2204,,68.5,105.9,0.34,0.365,0.534,50.8,46.4,10.7,8.1,0.505,14.6,30.8,0.229
286,Southern Methodist,30,22,8,0.733,15.28,5.81,,13,6,,12,5,,7,3,,2445,2161,,69.3,103.9,0.319,0.411,0.52,45.9,62.7,9.1,10.1,0.48,14.9,30.8,0.238
287,Southern Mississippi,32,11,21,0.344,-9.22,-2.89,,5,13,,9,6,,1,13,,2288,2429,,71.5,105.3,0.34,0.386,0.529,49.8,51.3,11.8,9.2,0.495,13.8,29.0,0.24
288,Southern Utah,29,12,17,0.414,-9.42,-1.42,,4,11,,8,6,,3,11,,2059,2151,,71.0,104.5,0.307,0.281,0.518,49.0,49.9,12.0,9.0,0.488,13.2,31.0,0.209
289,St. Bonaventure,29,19,10,0.655,4.69,0.37,,7,9,,11,3,,6,6,,2018,1875,,64.9,99.1,0.249,0.477,0.527,48.7,59.0,9.1,9.4,0.499,16.7,25.8,0.18
290,St. John's (NY),30,26,4,0.867,20.82,8.12,,17,2,,18,0,,7,2,,2351,1970,,70.3,92.3,0.305,0.4,0.498,46.0,56.8,9.5,8.5,0.465,19.2,29.0,0.209
291,St. Thomas,31,22,9,0.71,1.46,-3.79,,12,4,,14,0,,7,8,,2587,2328,,69.7,107.2,0.349,0.421,0.556,52.5,53.0,7.2,9.6,0.517,16.1,30.0,0.262
292,Stanford,29,19,10,0.655,9.43,6.02,,11,7,,16,2,,3,6,,2156,2057,,67.5,105.0,0.366,0.336,0.548,48.6,41.1,8.3,7.4,0.505,15.4,27.4,0.277
293,Stephen F. Austin,31,14,17,0.452,-7.97,-3.26,,7,13,,8,8,,6,9,,2065,2118,,68.2,98.9,0.331,0.37,0.51,48.6,53.4,13.2,9.3,0.478,17.5,32.9,0.225
294,Stetson,32,8,24,0.25,-16.09,-4.09,,6,12,,5,9,,3,11,,2293,2608,,69.5,116.4,0.271,0.41,0.558,53.5,55.3,11.3,8.3,0.527,11.3,33.9,0.204
295,Stonehill,31,15,16,0.484,-12.2,-9.03,,7,9,,11,3,,3,12,,2142,2171,,66.3,105.6,0.325,0.334,0.537,50.3,40.6,10.3,12.7,0.501,14.6,28.7,0.239
296,Stony Brook,31,8,23,0.258,-13.37,-3.77,,4,14,,5,9,,3,13,,2052,2292,,64.9,113.8,0.278,0.422,0.57,51.3,58.7,10.9,10.8,0.548,13.2,30.7,0.194
297,Syracuse,30,12,18,0.4,5.1,8.43,,6,13,,10,6,,2,9,,2261,2361,,69.0,111.4,0.321,0.392,0.559,47.5,47.9,11.1,8.9,0.529,12.0,26.3,0.23
298,Tarleton State,29,12,17,0.414,-9.83,0.21,,7,7,,10,2,,1,13,,1860,2033,,68.9,101.7,0.463,0.419,0.565,50.9,60.6,12.8,11.7,0.519,21.5,33.2,0.341
299,TCU,30,16,14,0.533,11.8,12.3,,9,10,,14,3,,2,8,,2039,2054,,67.0,101.8,0.275,0.426,0.539,49.2,63.1,9.3,9.0,0.508,17.1,29.5,0.202
300,Temple,30,16,14,0.533,0.19,0.09,,8,9,,11,2,,3,9,,2383,2351,,69.7,109.7,0.356,0.369,0.543,49.6,54.6,9.7,10.5,0.51,13.5,32.1,0.249
301,Tennessee,29,24,5,0.828,25.29,12.09,,11,5,,15,1,,6,4,,2160,1777,,65.7,93.3,0.282,0.46,0.477,45.7,45.9,9.2,9.6,0.438,16.1,29.1,0.206
302,Tennessee State,31,16,15,0.516,-7.97,-8.29,,12,8,,12,3,,4,10,,2439,2292,,72.1,100.1,0.383,0.36,0.513,45.6,47.8,11.1,7.7,0.476,15.3,29.1,0.259
303,Tennessee Tech,31,15,16,0.484,-10.6,-7.32,,10,10,,9,5,,5,10,,2241,2301,,69.2,106.5,0.212,0.343,0.522,52.8,48.2,10.7,8.8,0.495,12.7,31.1,0.159
304,Tennessee-Martin,31,13,18,0.419,-10.85,-7.71,,9,11,,8,5,,5,12,,2308,2224,,68.4,102.4,0.336,0.487,0.536,47.0,56.0,11.4,12.7,0.502,16.6,28.5,0.239
305,Texas,30,17,13,0.567,16.1,8.97,,6,11,,11,6,,4,6,,2350,2136,,68.5,103.0,0.371,0.358,0.524,49.1,48.6,8.3,7.7,0.486,14.9,29.2,0.26
306,Texas A&M,30,21,9,0.7,20.35,13.85,,10,7,,13,3,,4,5,,2223,2028,,67.6,99.9,0.348,0.475,0.531,43.9,66.0,11.7,14.5,0.484,17.7,28.4,0.268
307,Texas A&M-Corpus Christi,32,19,13,0.594,-0.78,-2.96,,12,8,,15,2,,4,11,,2451,2177,,69.0,98.6,0.387,0.373,0.518,47.4,52.2,10.7,11.1,0.482,17.1,29.5,0.261
308,Texas Southern,30,14,16,0.467,-9.79,-7.34,,11,6,,9,4,,5,12,,2166,2155,,71.5,99.6,0.348,0.421,0.509,51.0,55.8,10.2,9.0,0.473,16.8,33.2,0.239
309,Texas State,31,16,15,0.516,-2.89,-3.17,,9,9,,10,4,,4,10,,2378,2282,,67.1,107.1,0.407,0.363,0.54,47.0,50.1,10.7,9.1,0.499,14.5,30.5,0.292
310,Texas Tech,29,22,7,0.759,23.8,10.01,,13,5,,14,3,,7,2,,2338,1938,,66.6,98.6,0.331,0.351,0.51,46.5,46.7,9.5,7.7,0.477,15.9,28.4,0.227
311,Texas-Rio Grande Valley,31,16,15,0.516,-5.86,-3.19,,8,12,,12,4,,2,11,,2378,2294,,71.5,103.6,0.286,0.354,0.526,49.8,51.6,9.8,8.0,0.493,15.4,31.6,0.209
312,The Citadel,29,5,24,0.172,-17.86,-3.86,,0,18,,5,12,,0,12,,1935,2178,,66.2,112.0,0.328,0.425,0.562,51.6,53.5,11.1,10.4,0.53,13.8,30.6,0.24
313,Toledo,30,16,14,0.533,-6.55,-2.66,,9,8,,8,4,,6,9,,2327,2378,,69.5,114.0,0.252,0.385,0.579,51.0,47.2,8.5,7.6,0.558,14.1,30.8,0.182
314,Towson,31,21,10,0.677,-1.29,-3.19,,16,2,,12,1,,9,5,,2155,2043,,64.0,101.7,0.303,0.384,0.526,47.6,46.6,8.3,8.2,0.495,15.7,28.2,0.212
315,Troy,30,20,10,0.667,2.83,-2.6,,13,5,,11,4,,9,6,,2190,1959,,67.4,96.9,0.297,0.367,0.505,45.8,51.1,11.8,9.7,0.47,17.8,31.7,0.212
316,Tulane,29,17,12,0.586,1.28,-1.61,,11,5,,13,3,,4,6,,2164,2009,,68.1,101.3,0.324,0.428,0.513,50.4,59.3,9.1,9.7,0.472,15.2,30.2,0.242
317,Tulsa,30,11,19,0.367,-6.43,-2.11,,5,12,,8,9,,2,8,,2145,2219,,67.7,107.4,0.315,0.34,0.532,50.6,46.5,10.4,11.1,0.502,12.7,29.6,0.219
318,UAB,29,19,10,0.655,4.4,-1.39,,12,4,,13,4,,5,4,,2417,2210,,70.6,107.5,0.302,0.344,0.541,45.9,47.1,8.4,7.2,0.507,13.7,30.1,0.222
319,UC Davis,29,15,14,0.517,-5.16,-1.57,,9,9,,8,4,,7,10,,1983,2007,,68.8,100.1,0.385,0.371,0.53,52.2,54.9,9.6,6.7,0.483,19.1,33.2,0.289
320,UC Irvine,30,25,5,0.833,7.74,-1.12,,15,3,,10,2,,12,3,,2238,1951,,69.7,92.2,0.216,0.367,0.477,47.2,55.1,9.1,7.2,0.447,15.9,26.4,0.156
321,UC Riverside,30,19,11,0.633,0.2,1.17,,12,6,,13,1,,6,10,,2239,2215,,67.7,107.2,0.32,0.381,0.55,47.9,51.7,7.8,8.5,0.513,14.4,27.8,0.241
322,UC San Diego,30,26,4,0.867,13.47,-1.99,,16,2,,12,2,,11,2,,2430,1863,,68.0,91.3,0.287,0.434,0.514,49.8,52.2,6.7,9.3,0.478,21.2,26.0,0.211
323,UC Santa Barbara,30,19,11,0.633,1.06,-3.84,,11,8,,12,4,,7,7,,2239,2036,,66.8,101.7,0.305,0.373,0.521,48.7,46.3,9.2,6.5,0.48,14.9,27.7,0.232
324,UCF,29,15,14,0.517,9.87,11.39,,6,12,,12,5,,2,7,,2288,2332,,72.7,109.2,0.316,0.363,0.551,51.5,52.4,9.8,10.1,0.517,15.6,34.6,0.232
325,UCLA,30,21,9,0.7,19.31,10.04,,12,7,,14,2,,5,5,,2232,1954,,66.5,98.0,0.35,0.446,0.541,48.7,57.3,8.6,6.8,0.499,20.1,29.1,0.263
326,UNC Asheville,30,20,10,0.667,-4.85,-4.12,,11,5,,13,1,,6,9,,2483,2304,,70.9,107.0,0.41,0.384,0.552,50.7,48.7,7.8,4.9,0.517,16.5,32.6,0.286
327,UNC Greensboro,31,20,11,0.645,-0.05,-3.55,,13,5,,11,3,,8,6,,2275,2028,,65.2,100.3,0.336,0.419,0.503,48.0,46.3,8.5,7.1,0.463,14.5,29.0,0.24
328,UNC Wilmington,31,24,7,0.774,2.52,-4.34,,14,4,,15,3,,9,4,,2476,2173,,67.4,102.7,0.297,0.419,0.53,44.6,47.2,9.0,9.4,0.504,15.4,27.1,0.203
329,UT Arlington,29,13,16,0.448,-4.63,-2.63,,6,9,,9,4,,3,10,,2159,2152,,69.2,105.9,0.334,0.345,0.529,49.1,56.4,11.3,10.3,0.491,14.4,31.7,0.245
330,Utah,30,16,14,0.533,12.74,8.58,,8,11,,15,4,,1,8,,2263,2138,,68.9,103.0,0.326,0.396,0.515,46.7,51.9,10.5,13.7,0.481,13.5,28.5,0.228
331,Utah State,30,24,6,0.8,14.33,5.53,,14,5,,14,2,,7,4,,2440,2121,,68.0,104.0,0.331,0.435,0.551,47.9,59.0,9.9,9.5,0.517,17.9,30.1,0.24
332,Utah Tech,29,6,23,0.207,-9.56,-1.01,,2,12,,5,7,,0,15,,2043,2209,,69.2,109.6,0.378,0.317,0.558,52.2,48.8,11.1,11.2,0.521,15.0,31.8,0.273
333,Utah Valley,28,21,7,0.75,2.26,-2.94,,13,1,,12,0,,8,6,,2146,1916,,69.2,98.0,0.302,0.333,0.509,46.9,48.9,9.6,9.1,0.475,15.3,26.2,0.213
334,UTEP,29,17,12,0.586,0.69,0.77,,7,9,,11,5,,4,6,,2108,2024,,69.6,99.8,0.39,0.403,0.542,54.3,57.2,9.2,9.0,0.502,20.3,32.7,0.281
335,UTSA,29,11,18,0.379,-1.98,1.24,,5,12,,7,7,,3,11,,2230,2232,,70.6,108.0,0.424,0.379,0.572,54.1,58.2,10.0,12.3,0.532,18.6,34.6,0.311
336,Valparaiso,31,13,18,0.419,-3.77,-0.25,,6,14,,10,7,,3,10,,2343,2330,,69.0,107.6,0.33,0.37,0.561,51.0,50.7,8.8,8.6,0.53,15.3,27.7,0.237
337,Vanderbilt,30,20,10,0.667,15.83,10.06,,8,9,,14,3,,3,6,,2408,2235,,70.2,105.7,0.372,0.377,0.564,49.6,48.6,8.1,11.3,0.53,17.8,29.8,0.267
338,Vermont,31,20,11,0.645,-7.0,-6.79,,13,3,,12,2,,7,8,,2093,1992,,64.5,99.5,0.268,0.384,0.513,49.7,44.7,9.6,10.6,0.481,14.9,26.7,0.194
339,Villanova,31,18,13,0.581,13.96,7.54,,11,9,,14,3,,3,8,,2298,2099,,63.7,106.4,0.305,0.464,0.536,47.5,60.7,8.1,8.3,0.508,13.7,27.6,0.212
340,Virginia,30,15,15,0.5,6.88,8.35,,8,11,,10,7,,4,6,,1943,1987,,61.4,107.9,0.28,0.398,0.538,52.3,49.6,9.7,9.4,0.505,13.2,29.1,0.21
341,Virginia Commonwealth,30,25,5,0.833,15.71,0.88,,15,2,,15,0,,7,3,,2340,1865,,67.1,92.3,0.373,0.347,0.49,46.1,45.5,9.9,7.3,0.444,18.3,29.0,0.265
342,VMI,31,13,18,0.419,-11.29,-4.29,,7,11,,7,7,,5,10,,2290,2283,,69.3,105.9,0.276,0.467,0.547,51.0,65.3,10.1,10.7,0.527,16.1,30.3,0.184
343,Virginia Tech,30,13,17,0.433,3.51,6.87,,8,11,,8,9,,5,4,,2093,2194,,66.2,109.9,0.311,0.416,0.566,48.8,56.3,10.0,9.7,0.53,14.3,28.4,0.238
344,Wagner,29,14,15,0.483,-15.32,-9.76,,6,10,,8,6,,6,9,,1819,1760,,61.7,97.0,0.382,0.436,0.535,46.5,56.1,10.0,9.5,0.494,18.0,22.3,0.275
345,Wake Forest,30,20,10,0.667,9.36,7.63,,12,7,,12,3,,6,6,,2118,2066,,67.9,101.5,0.311,0.461,0.522,51.7,57.7,9.4,7.0,0.479,16.8,31.8,0.241
346,Washington,29,13,16,0.448,7.26,10.72,,4,14,,9,8,,2,8,,2085,2167,,68.9,108.0,0.356,0.347,0.563,50.6,45.4,9.4,12.0,0.525,15.2,27.8,0.267
347,Washington State,31,18,13,0.581,4.96,4.67,,8,10,,10,4,,4,7,,2432,2423,,71.3,109.2,0.323,0.386,0.547,49.5,49.8,11.2,8.2,0.515,14.7,33.2,0.23
348,Weber State,32,11,21,0.344,-8.88,-2.33,,5,13,,5,10,,4,11,,2308,2297,,67.0,106.4,0.359,0.422,0.543,50.5,55.2,8.8,9.2,0.507,14.4,28.3,0.257
349,West Georgia,31,6,25,0.194,-14.88,-3.81,,4,14,,4,8,,2,15,,2140,2426,,69.3,112.9,0.364,0.434,0.584,52.6,57.5,9.9,7.3,0.555,14.9,29.2,0.259
350,West Virginia,30,18,12,0.6,15.9,12.34,,9,10,,12,4,,4,7,,2049,1942,,65.1,97.8,0.32,0.365,0.504,52.7,46.4,8.1,9.1,0.462,16.6,30.8,0.237
351,Western Carolina,29,8,21,0.276,-15.71,-1.75,,4,14,,7,7,,1,14,,2024,2304,,71.7,109.3,0.316,0.446,0.541,50.3,53.3,11.9,9.6,0.505,12.3,28.6,0.233
352,Western Illinois,31,12,19,0.387,-14.93,-8.22,,6,14,,8,7,,4,11,,2130,2211,,65.5,108.0,0.293,0.356,0.53,49.6,48.6,10.3,7.3,0.498,12.4,30.3,0.213
353,Western Kentucky,29,16,13,0.552,1.02,1.83,,7,9,,12,4,,4,9,,2197,2171,,73.4,101.6,0.383,0.441,0.524,52.1,55.4,9.4,11.4,0.477,15.4,28.1,0.284
354,Western Michigan,30,11,19,0.367,-9.36,-3.81,,8,9,,6,9,,5,10,,2176,2297,,69.6,110.0,0.336,0.412,0.566,47.7,57.6,8.5,10.6,0.54,14.8,27.9,0.233
355,Wichita State,29,17,12,0.586,3.43,2.36,,7,9,,11,5,,4,6,,2158,2113,,69.2,104.5,0.269,0.4,0.525,47.4,52.5,10.0,10.4,0.503,13.9,28.5,0.179
356,William & Mary,31,17,14,0.548,-5.07,-3.76,,11,7,,12,2,,4,11,,2409,2345,,71.0,106.6,0.344,0.415,0.548,51.0,50.1,10.0,10.8,0.515,15.7,29.9,0.245
357,Winthrop,31,21,10,0.677,-1.7,-3.88,,11,5,,16,2,,5,8,,2636,2424,,74.2,104.2,0.352,0.382,0.546,48.1,47.4,9.3,10.7,0.51,17.1,30.3,0.254
358,Wisconsin,29,22,7,0.759,21.59,10.93,,12,6,,14,2,,5,5,,2355,2046,,68.8,102.0,0.27,0.39,0.513,47.9,47.2,7.2,10.8,0.482,13.0,26.3,0.195
359,Wofford,31,16,15,0.516,-0.88,-2.57,,10,8,,7,6,,8,8,,2312,2164,,65.6,105.6,0.344,0.461,0.54,44.4,48.5,9.5,9.2,0.511,13.9,25.6,0.235
360,Wright State,32,15,17,0.469,-4.27,-3.84,,8,12,,11,4,,3,11,,2489,2437,,68.1,110.5,0.336,0.355,0.554,48.4,49.1,10.4,7.6,0.525,12.9,28.0,0.235
361,Wyoming,31,12,19,0.387,0.03,4.89,,5,15,,8,7,,3,10,,2088,2211,,65.7,108.1,0.411,0.373,0.548,48.6,46.9,10.1,9.2,0.508,13.7,27.4,0.294
362,Xavier,29,19,10,0.655,15.46,8.22,,11,7,,14,2,,4,7,,2243,2033,,69.3,100.2,0.282,0.359,0.528,49.3,55.8,8.5,11.9,0.498,15.8,26.1,0.203
363,Yale,26,19,7,0.731,7.43,-3.57,,12,1,,11,0,,6,6,,2149,1820,,69.5,100.8,0.294,0.47,0.519,44.3,58.8,8.7,7.2,0.481,14.4,25.4,0.22
364,Youngstown State,31,19,12,0.613,-3.91,-5.28,,13,7,,9,5,,9,6,,2393,2236,,70.8,101.0,0.346,0.332,0.517,49.7,51.2,9.4,7.9,0.479,15.5,30.3,0.246
